CCHE1D_Channel,Reach_ID,Contributing_Cell_ID_Source,Contributing_Cell_ID_Right,Contributing_Cell_ID_Left,Upstream_Reach_ID_1,Upstream_Reach_ID_2,y_US,x_US,y_DS,x_DS
597,216,2161,2162,2163,,,3796760.6207244,236514.11401283,3796608.6207244,236499.11401283
592,221,2211,2212,2213,,,3796750.6207244,236761.11401283,3796644.6207244,236728.11401283
598,215,2151,2152,2153,,,3796729.6207244,236399.11401283,3796608.6207244,236498.11401283
579,234,2341,2342,2343,,,3796727.6207244,237057.11401283,3796645.6207244,237097.11401283
578,235,2351,2352,2353,,,3796631.6207244,237330.11401283,3796645.6207244,237098.11401283
591,222,2221,2222,2223,,,3796615.6207244,236812.11401283,3796643.6207244,236728.11401283
580,233,0,2332,2333,235.0,234.0,3796644.6207244,237098.11401283,3796585.6207244,237085.11401283
593,220,0,2202,2203,222.0,221.0,3796643.6207244,236727.11401283,3796468.6207244,236685.11401283
595,218,2181,2182,2183,,,3796615.6207244,236672.11401283,3796422.6207244,236645.11401283
599,214,0,2142,2143,216.0,215.0,3796607.6207244,236499.11401283,3796326.6207244,236549.11401283
581,232,0,2322,2323,236.0,233.0,3796584.6207244,237084.11401283,3796099.6207244,236960.11401283
577,236,2361,2362,2363,,,3796533.6207244,237222.11401283,3796584.6207244,237085.11401283
614,199,1991,1992,1993,,,3796516.6207244,236153.11401283,3796066.6207244,236095.11401283
590,223,2231,2232,2233,,,3796473.6207244,236730.11401283,3796467.6207244,236686.11401283
594,219,0,2192,2193,223.0,220.0,3796467.6207244,236685.11401283,3796421.6207244,236646.11401283
564,249,2491,2492,2493,,,3796444.6207244,237771.11401283,3796193.6207244,237580.11401283
570,243,2431,2432,2433,,,3796441.6207244,237544.11401283,3796179.6207244,237364.11401283
571,242,2421,2422,2423,,,3796432.6207244,237371.11401283,3796179.6207244,237363.11401283
596,217,0,2172,2173,219.0,218.0,3796421.6207244,236645.11401283,3796326.6207244,236550.11401283
601,212,2121,2122,2123,,,3796417.6207244,236363.11401283,3796339.6207244,236422.11401283
615,198,1981,1982,1983,,,3796353.6207244,236005.11401283,3796066.6207244,236094.11401283
602,211,2111,2112,2113,,,3796335.6207244,236399.11401283,3796338.6207244,236422.11401283
603,210,0,2102,2103,212.0,211.0,3796338.6207244,236423.11401283,3796236.6207244,236538.11401283
600,213,0,2132,2133,217.0,214.0,3796325.6207244,236549.11401283,3796236.6207244,236539.11401283
576,237,2371,2372,2373,,,3796282.6207244,237154.11401283,3796098.6207244,236961.11401283
583,230,2301,2302,2303,,,3796277.6207244,236784.11401283,3796031.6207244,236785.11401283
563,250,2501,2502,2503,,,3796256.6207244,237822.11401283,3796192.6207244,237580.11401283
619,194,1941,1942,1943,,,3796239.6207244,235834.11401283,3795869.6207244,235899.11401283
604,209,0,2092,2093,213.0,210.0,3796235.6207244,236538.11401283,3796087.6207244,236438.11401283
566,247,2471,2472,2473,,,3796213.6207244,237580.11401283,3796190.6207244,237575.11401283
565,248,0,2482,2483,250.0,249.0,3796192.6207244,237579.11401283,3796190.6207244,237576.11401283
567,246,0,2462,2463,248.0,247.0,3796189.6207244,237575.11401283,3796117.6207244,237537.11401283
572,241,0,2412,2413,243.0,242.0,3796178.6207244,237363.11401283,3796106.6207244,237325.11401283
492,321,3211,3212,3213,,,3796178.6207244,238127.11401283,3796045.6207244,238011.11401283
605,208,2081,2082,2083,,,3796141.6207244,236363.11401283,3796087.6207244,236436.11401283
493,320,3201,3202,3203,,,3796135.6207244,238013.11401283,3796046.6207244,238011.11401283
568,245,0,2452,2453,251.0,246.0,3796116.6207244,237536.11401283,3796099.6207244,237392.11401283
562,251,2511,2512,2513,,,3796071.6207244,237700.11401283,3796116.6207244,237537.11401283
569,244,0,2442,2443,252.0,245.0,3796099.6207244,237391.11401283,3796105.6207244,237325.11401283
573,240,0,2402,2403,244.0,241.0,3796105.6207244,237324.11401283,3795924.6207244,237014.11401283
561,252,2521,2522,2523,,,3795998.6207244,237449.11401283,3796098.6207244,237392.11401283
582,231,0,2312,2313,237.0,232.0,3796098.6207244,236960.11401283,3796030.6207244,236786.11401283
606,207,0,2072,2073,209.0,208.0,3796086.6207244,236437.11401283,3795926.6207244,236386.11401283
495,318,3181,3182,3183,,,3796071.6207244,237896.11401283,3796002.6207244,237939.11401283
616,197,0,1972,1973,199.0,198.0,3796065.6207244,236095.11401283,3795695.6207244,236206.11401283
494,319,0,3192,3193,321.0,320.0,3796046.6207244,238010.11401283,3796002.6207244,237940.11401283
586,227,2271,2272,2273,,,3796034.6207244,236653.11401283,3795965.6207244,236638.11401283
584,229,0,2292,2293,231.0,230.0,3796030.6207244,236785.11401283,3795963.6207244,236673.11401283
496,317,0,3172,3173,319.0,318.0,3796001.6207244,237939.11401283,3795614.6207244,237932.11401283
620,193,1931,1932,1933,,,3795995.6207244,235739.11401283,3795868.6207244,235898.11401283
613,200,2001,2002,2003,,,3795969.6207244,236212.11401283,3795695.6207244,236207.11401283
585,228,0,2282,2283,238.0,229.0,3795962.6207244,236672.11401283,3795964.6207244,236639.11401283
587,226,0,2262,2263,228.0,227.0,3795964.6207244,236638.11401283,3795926.6207244,236397.11401283
575,238,0,2382,2383,258.0,239.0,3795934.6207244,236916.11401283,3795962.6207244,236673.11401283
588,225,2251,2252,2253,,,3795954.6207244,236512.11401283,3795928.6207244,236397.11401283
608,205,2051,2052,2053,,,3795953.6207244,236353.11401283,3795906.6207244,236366.11401283
634,179,1791,1792,1793,,,3795948.6207244,235477.11401283,3795810.6207244,235588.11401283
574,239,0,2392,2393,253.0,240.0,3795924.6207244,237013.11401283,3795934.6207244,236917.11401283
555,258,0,2582,2583,262.0,259.0,3795879.6207244,236919.11401283,3795933.6207244,236917.11401283
589,224,0,2242,2243,226.0,225.0,3795927.6207244,236396.11401283,3795925.6207244,236386.11401283
607,206,0,2062,2063,224.0,207.0,3795925.6207244,236385.11401283,3795906.6207244,236367.11401283
560,253,0,2532,2533,255.0,254.0,3795895.6207244,237068.11401283,3795923.6207244,237014.11401283
609,204,0,2042,2043,206.0,205.0,3795905.6207244,236366.11401283,3795858.6207244,236352.11401283
559,254,2541,2542,2543,,,3795870.6207244,237159.11401283,3795896.6207244,237068.11401283
558,255,0,2552,2553,257.0,256.0,3795802.6207244,237222.11401283,3795896.6207244,237069.11401283
550,263,2631,2632,2633,,,3795884.6207244,236419.11401283,3795858.6207244,236353.11401283
549,264,2641,2642,2643,,,3795608.6207244,236741.11401283,3795780.6207244,236266.11401283
551,262,2621,2622,2623,,,3795718.6207244,236849.11401283,3795878.6207244,236918.11401283
554,259,0,2592,2593,261.0,260.0,3795659.6207244,237096.11401283,3795878.6207244,236919.11401283
502,311,3111,3112,3113,,,3795870.6207244,237728.11401283,3795559.6207244,237766.11401283
621,192,0,1922,1923,194.0,193.0,3795868.6207244,235899.11401283,3795576.6207244,236118.11401283
610,203,0,2032,2033,263.0,204.0,3795857.6207244,236352.11401283,3795781.6207244,236266.11401283
633,180,1801,1802,1803,,,3795835.6207244,235600.11401283,3795810.6207244,235589.11401283
557,256,2561,2562,2563,,,3795819.6207244,237447.11401283,3795802.6207244,237223.11401283
635,178,0,1782,1783,180.0,179.0,3795809.6207244,235589.11401283,3795598.6207244,235611.11401283
547,266,2661,2662,2663,,,3795808.6207244,236423.11401283,3795704.6207244,236315.11401283
556,257,2571,2572,2573,,,3795763.6207244,237212.11401283,3795801.6207244,237223.11401283
611,202,0,2022,2023,264.0,203.0,3795780.6207244,236265.11401283,3795718.6207244,236248.11401283
630,183,1831,1832,1833,,,3795744.6207244,235738.11401283,3795328.6207244,235831.11401283
636,177,1771,1772,1773,,,3795734.6207244,235402.11401283,3795597.6207244,235611.11401283
498,315,3151,3152,3153,,,3795725.6207244,237847.11401283,3795577.6207244,237838.11401283
548,265,0,2652,2653,267.0,266.0,3795703.6207244,236314.11401283,3795718.6207244,236249.11401283
612,201,0,2012,2013,265.0,202.0,3795717.6207244,236248.11401283,3795690.6207244,236207.11401283
546,267,2671,2672,2673,,,3795626.6207244,236420.11401283,3795702.6207244,236315.11401283
617,196,0,1962,1963,200.0,197.0,3795694.6207244,236206.11401283,3795690.6207244,236206.11401283
618,195,0,1952,1953,201.0,196.0,3795689.6207244,236206.11401283,3795575.6207244,236118.11401283
639,174,1741,1742,1743,,,3795660.6207244,235282.11401283,3795532.6207244,235317.11401283
552,261,2611,2612,2613,,,3795592.6207244,237034.11401283,3795658.6207244,237096.11401283
553,260,2601,2602,2603,,,3795622.6207244,237121.11401283,3795658.6207244,237097.11401283
497,316,0,3162,3163,422.0,317.0,3795613.6207244,237932.11401283,3795577.6207244,237839.11401283
491,422,0,4222,4223,424.0,423.0,3795436.6207244,238036.11401283,3795613.6207244,237933.11401283
637,176,0,1762,1763,178.0,177.0,3795597.6207244,235612.11401283,3795334.6207244,235650.11401283
508,305,3051,3052,3053,,,3795596.6207244,237481.11401283,3795357.6207244,237456.11401283
640,173,1731,1732,1733,,,3795587.6207244,235171.11401283,3795532.6207244,235316.11401283
628,185,1851,1852,1853,,,3795586.6207244,235875.11401283,3795360.6207244,235877.11401283
499,314,0,3142,3143,316.0,315.0,3795576.6207244,237838.11401283,3795561.6207244,237818.11401283
622,191,0,1912,1913,195.0,192.0,3795575.6207244,236117.11401283,3795427.6207244,236041.11401283
509,304,3041,3042,3043,,,3795567.6207244,237383.11401283,3795357.6207244,237455.11401283
500,313,0,3132,3133,425.0,314.0,3795560.6207244,237818.11401283,3795540.6207244,237798.11401283
488,425,4251,4252,4253,,,3795534.6207244,237845.11401283,3795560.6207244,237819.11401283
503,310,0,3102,3103,312.0,311.0,3795558.6207244,237765.11401283,3795386.6207244,237661.11401283
501,312,0,3122,3123,426.0,313.0,3795541.6207244,237797.11401283,3795558.6207244,237766.11401283
487,426,4261,4262,4263,,,3795358.6207244,237832.11401283,3795540.6207244,237797.11401283
641,172,0,1722,1723,174.0,173.0,3795531.6207244,235317.11401283,3795447.6207244,235369.11401283
505,308,3081,3082,3083,,,3795530.6207244,237583.11401283,3795222.6207244,237486.11401283
539,274,2741,2742,2743,,,3795499.6207244,236600.11401283,3795403.6207244,236426.11401283
638,175,1751,1752,1753,,,3795471.6207244,235502.11401283,3795423.6207244,235498.11401283
517,296,2961,2962,2963,,,3795465.6207244,237193.11401283,3795099.6207244,237191.11401283
540,273,2731,2732,2733,,,3795464.6207244,236399.11401283,3795404.6207244,236426.11401283
643,170,0,1702,1703,172.0,171.0,3795447.6207244,235370.11401283,3795423.6207244,235497.11401283
642,171,1711,1712,1713,,,3795420.6207244,235325.11401283,3795446.6207244,235369.11401283
489,424,4241,4242,4243,,,3795317.6207244,238022.11401283,3795435.6207244,238036.11401283
490,423,4231,4232,4233,,,3795296.6207244,238158.11401283,3795435.6207244,238037.11401283
545,268,2681,2682,2683,,,3795418.6207244,236149.11401283,3795426.6207244,236042.11401283
623,190,0,1902,1903,268.0,191.0,3795426.6207244,236041.11401283,3795378.6207244,235999.11401283
644,169,0,1692,1693,175.0,170.0,3795422.6207244,235498.11401283,3795334.6207244,235648.11401283
627,186,1861,1862,1863,,,3795418.6207244,235905.11401283,3795359.6207244,235877.11401283
529,284,2841,2842,2843,,,3795416.6207244,236736.11401283,3795308.6207244,236705.11401283
541,272,0,2722,2723,274.0,273.0,3795403.6207244,236425.11401283,3795385.6207244,236187.11401283
542,271,2711,2712,2713,,,3795394.6207244,236252.11401283,3795386.6207244,236187.11401283
521,292,2921,2922,2923,,,3795392.6207244,236975.11401283,3795103.6207244,236956.11401283
486,427,0,4272,4273,429.0,428.0,3795312.6207244,237707.11401283,3795386.6207244,237662.11401283
543,270,0,2702,2703,272.0,271.0,3795385.6207244,236186.11401283,3795354.6207244,236086.11401283
504,309,0,3092,3093,427.0,310.0,3795385.6207244,237661.11401283,3795221.6207244,237486.11401283
624,189,0,1892,1893,269.0,190.0,3795377.6207244,235998.11401283,3795363.6207244,235942.11401283
544,269,0,2692,2693,275.0,270.0,3795354.6207244,236085.11401283,3795377.6207244,235999.11401283
661,152,1521,1522,1523,,,3795372.6207244,234964.11401283,3795157.6207244,234951.11401283
625,188,0,1882,1883,508.0,189.0,3795362.6207244,235942.11401283,3795288.6207244,235834.11401283
405,508,5081,5082,5083,,,3794992.6207244,236207.11401283,3795361.6207244,235943.11401283
629,184,0,1842,1843,186.0,185.0,3795359.6207244,235876.11401283,3795328.6207244,235832.11401283
510,303,0,3032,3033,305.0,304.0,3795356.6207244,237456.11401283,3795183.6207244,237445.11401283
538,275,0,2752,2753,507.0,276.0,3795341.6207244,236118.11401283,3795353.6207244,236086.11401283
536,277,0,2772,2773,279.0,278.0,3795286.6207244,236457.11401283,3795296.6207244,236293.11401283
406,507,5071,5072,5073,,,3795317.6207244,236126.11401283,3795340.6207244,236118.11401283
537,276,0,2762,2763,506.0,277.0,3795295.6207244,236292.11401283,3795340.6207244,236119.11401283
660,153,1531,1532,1533,,,3795336.6207244,235076.11401283,3794837.6207244,235416.11401283
645,168,0,1682,1683,176.0,169.0,3795333.6207244,235649.11401283,3795204.6207244,235692.11401283
631,182,0,1822,1823,184.0,183.0,3795327.6207244,235831.11401283,3795310.6207244,235822.11401283
528,285,2851,2852,2853,,,3795318.6207244,236760.11401283,3795306.6207244,236705.11401283
632,181,0,1812,1813,187.0,182.0,3795310.6207244,235821.11401283,3795204.6207244,235693.11401283
484,429,4291,4292,4293,,,3795203.6207244,237714.11401283,3795311.6207244,237707.11401283
485,428,4281,4282,4283,,,3795213.6207244,237804.11401283,3795311.6207244,237708.11401283
626,187,0,1872,1873,509.0,188.0,3795289.6207244,235833.11401283,3795309.6207244,235822.11401283
530,283,0,2832,2833,285.0,284.0,3795307.6207244,236704.11401283,3795227.6207244,236659.11401283
535,278,2781,2782,2783,,,3795296.6207244,236495.11401283,3795285.6207244,236458.11401283
407,506,5061,5062,5063,,,3795090.6207244,236296.11401283,3795294.6207244,236293.11401283
404,509,0,5092,5093,511.0,510.0,3795020.6207244,235972.11401283,3795288.6207244,235833.11401283
534,279,0,2792,2793,503.0,280.0,3795245.6207244,236486.11401283,3795285.6207244,236457.11401283
649,164,1641,1642,1643,,,3795272.6207244,235477.11401283,3795141.6207244,235530.11401283
533,280,0,2802,2803,500.0,281.0,3795212.6207244,236587.11401283,3795245.6207244,236487.11401283
527,286,2861,2862,2863,,,3795241.6207244,236723.11401283,3795227.6207244,236661.11401283
410,503,0,5032,5033,505.0,504.0,3794912.6207244,236470.11401283,3795244.6207244,236487.11401283
662,151,1511,1512,1513,,,3795236.6207244,234836.11401283,3795166.6207244,234904.11401283
663,150,1501,1502,1503,,,3795231.6207244,234765.11401283,3795165.6207244,234903.11401283
531,282,0,2822,2823,286.0,283.0,3795226.6207244,236660.11401283,3795197.6207244,236653.11401283
506,307,0,3072,3073,309.0,308.0,3795221.6207244,237485.11401283,3795196.6207244,237459.11401283
532,281,0,2812,2813,287.0,282.0,3795197.6207244,236652.11401283,3795212.6207244,236588.11401283
413,500,0,5002,5003,502.0,501.0,3795190.6207244,236589.11401283,3795211.6207244,236588.11401283
646,167,0,1672,1673,181.0,168.0,3795203.6207244,235692.11401283,3795100.6207244,235645.11401283
526,287,0,2872,2873,499.0,288.0,3795110.6207244,236721.11401283,3795196.6207244,236653.11401283
507,306,0,3062,3063,430.0,307.0,3795195.6207244,237459.11401283,3795183.6207244,237446.11401283
483,430,4301,4302,4303,,,3795104.6207244,237591.11401283,3795195.6207244,237460.11401283
411,502,5021,5022,5023,,,3795163.6207244,236579.11401283,3795189.6207244,236588.11401283
412,501,5011,5012,5013,,,3794718.6207244,236606.11401283,3795189.6207244,236589.11401283
511,302,0,3022,3023,306.0,303.0,3795182.6207244,237445.11401283,3795116.6207244,237425.11401283
664,149,0,1492,1493,151.0,150.0,3795165.6207244,234904.11401283,3795156.6207244,234951.11401283
648,165,1651,1652,1653,,,3795163.6207244,235586.11401283,3795079.6207244,235561.11401283
665,148,0,1482,1483,152.0,149.0,3795157.6207244,234952.11401283,3795010.6207244,235054.11401283
466,447,4471,4472,4473,,,3795157.6207244,238298.11401283,3795009.6207244,238032.11401283
516,297,2971,2972,2973,,,3795148.6207244,237269.11401283,3795099.6207244,237193.11401283
650,163,1631,1632,1633,,,3795129.6207244,235504.11401283,3795141.6207244,235529.11401283
651,162,0,1622,1623,164.0,163.0,3795140.6207244,235530.11401283,3795079.6207244,235560.11401283
414,499,4991,4992,4993,,,3795070.6207244,236661.11401283,3795109.6207244,236720.11401283
520,293,2931,2932,2933,,,3795122.6207244,237043.11401283,3795103.6207244,236958.11401283
482,431,4311,4312,4313,,,3795062.6207244,237427.11401283,3795116.6207244,237426.11401283
512,301,0,3012,3013,431.0,302.0,3795115.6207244,237425.11401283,3795002.6207244,237261.11401283
525,288,0,2882,2883,486.0,289.0,3795033.6207244,236790.11401283,3795109.6207244,236722.11401283
401,512,5121,5122,5123,,,3795104.6207244,235678.11401283,3795100.6207244,235646.11401283
522,291,0,2912,2913,293.0,292.0,3795102.6207244,236957.11401283,3795066.6207244,236944.11401283
647,166,0,1662,1663,512.0,167.0,3795099.6207244,235645.11401283,3795056.6207244,235575.11401283
518,295,0,2952,2953,297.0,296.0,3795098.6207244,237192.11401283,3795029.6207244,237059.11401283
463,450,4501,4502,4503,,,3795094.6207244,238425.11401283,3794918.6207244,238348.11401283
652,161,0,1612,1613,165.0,162.0,3795078.6207244,235560.11401283,3795057.6207244,235575.11401283
460,453,4531,4532,4533,,,3795068.6207244,238598.11401283,3794992.6207244,238528.11401283
523,290,0,2902,2903,294.0,291.0,3795066.6207244,236943.11401283,3795043.6207244,236893.11401283
519,294,0,2942,2943,298.0,295.0,3795029.6207244,237058.11401283,3795065.6207244,236944.11401283
467,446,4461,4462,4463,,,3795062.6207244,238028.11401283,3795009.6207244,238031.11401283
653,160,0,1602,1603,166.0,161.0,3795056.6207244,235574.11401283,3795033.6207244,235568.11401283
701,112,1121,1122,1123,,,3795046.6207244,234587.11401283,3794985.6207244,234598.11401283
524,289,0,2892,2893,485.0,290.0,3795042.6207244,236893.11401283,3795033.6207244,236791.11401283
428,485,4851,4852,4853,,,3795006.6207244,236967.11401283,3795042.6207244,236894.11401283
400,513,5131,5132,5133,,,3794955.6207244,235794.11401283,3795032.6207244,235569.11401283
654,159,0,1592,1593,513.0,160.0,3795032.6207244,235568.11401283,3794968.6207244,235558.11401283
427,486,0,4862,4863,488.0,487.0,3794997.6207244,236788.11401283,3795032.6207244,236790.11401283
515,298,0,2982,2983,484.0,299.0,3795018.6207244,237148.11401283,3795028.6207244,237059.11401283
470,443,4431,4432,4433,,,3795022.6207244,237880.11401283,3794922.6207244,237874.11401283
403,510,5101,5102,5103,,,3794946.6207244,236052.11401283,3795021.6207244,235973.11401283
402,511,5111,5112,5113,,,3794985.6207244,235986.11401283,3795019.6207244,235973.11401283
666,147,1471,1472,1473,,,3795018.6207244,235021.11401283,3795009.6207244,235054.11401283
514,299,0,2992,2993,433.0,300.0,3794980.6207244,237185.11401283,3795018.6207244,237149.11401283
429,484,4841,4842,4843,,,3794978.6207244,237124.11401283,3795017.6207244,237148.11401283
667,146,0,1462,1463,148.0,147.0,3795009.6207244,235055.11401283,3794836.6207244,235416.11401283
426,487,4871,4872,4873,,,3794823.6207244,237028.11401283,3794996.6207244,236789.11401283
468,445,0,4452,4453,447.0,446.0,3795008.6207244,238031.11401283,3794995.6207244,238015.11401283
700,113,1131,1132,1133,,,3795006.6207244,234639.11401283,3794985.6207244,234599.11401283
513,300,0,3002,3003,432.0,301.0,3795001.6207244,237260.11401283,3794980.6207244,237186.11401283
703,110,1101,1102,1103,,,3795001.6207244,234530.11401283,3794975.6207244,234589.11401283
481,432,4321,4322,4323,,,3794965.6207244,237301.11401283,3795001.6207244,237261.11401283
469,444,0,4442,4443,448.0,445.0,3794995.6207244,238014.11401283,3794921.6207244,237875.11401283
465,448,0,4482,4483,456.0,449.0,3794912.6207244,238341.11401283,3794994.6207244,238015.11401283
425,488,0,4882,4883,498.0,489.0,3794954.6207244,236791.11401283,3794996.6207244,236788.11401283
459,454,4541,4542,4543,,,3794983.6207244,238642.11401283,3794991.6207244,238528.11401283
461,452,0,4522,4523,454.0,453.0,3794991.6207244,238527.11401283,3794920.6207244,238387.11401283
702,111,0,1112,1113,113.0,112.0,3794984.6207244,234598.11401283,3794975.6207244,234591.11401283
480,433,0,4332,4333,483.0,434.0,3794918.6207244,237249.11401283,3794979.6207244,237186.11401283
704,109,0,1092,1093,111.0,110.0,3794974.6207244,234590.11401283,3794627.6207244,234492.11401283
399,514,0,5142,5143,516.0,515.0,3794838.6207244,235676.11401283,3794968.6207244,235559.11401283
655,158,0,1582,1583,514.0,159.0,3794967.6207244,235558.11401283,3794833.6207244,235488.11401283
473,440,4401,4402,4403,,,3794957.6207244,237751.11401283,3794837.6207244,237769.11401283
415,498,4981,4982,4983,,,3794735.6207244,236674.11401283,3794953.6207244,236790.11401283
424,489,0,4892,4893,497.0,490.0,3794816.6207244,236848.11401283,3794953.6207244,236792.11401283
656,157,1571,1572,1573,,,3794945.6207244,235523.11401283,3794833.6207244,235487.11401283
682,131,1311,1312,1313,,,3794943.6207244,234846.11401283,3794852.6207244,234879.11401283
709,104,1041,1042,1043,,,3794942.6207244,234254.11401283,3794721.6207244,234205.11401283
471,442,0,4422,4423,444.0,443.0,3794921.6207244,237874.11401283,3794842.6207244,237807.11401283
462,451,0,4512,4513,455.0,452.0,3794920.6207244,238386.11401283,3794917.6207244,238348.11401283
458,455,4551,4552,4553,,,3794781.6207244,238661.11401283,3794919.6207244,238387.11401283
430,483,4831,4832,4833,,,3794853.6207244,237234.11401283,3794917.6207244,237249.11401283
479,434,0,4342,4343,482.0,435.0,3794770.6207244,237399.11401283,3794917.6207244,237250.11401283
464,449,0,4492,4493,451.0,450.0,3794917.6207244,238347.11401283,3794913.6207244,238342.11401283
457,456,4561,4562,4563,,,3794813.6207244,238381.11401283,3794912.6207244,238342.11401283
408,505,5051,5052,5053,,,3794886.6207244,236416.11401283,3794911.6207244,236469.11401283
409,504,5041,5042,5043,,,3794887.6207244,236477.11401283,3794911.6207244,236471.11401283
475,438,4381,4382,4383,,,3794890.6207244,237614.11401283,3794815.6207244,237623.11401283
681,132,1321,1322,1323,,,3794883.6207244,234932.11401283,3794814.6207244,234913.11401283
683,130,1301,1302,1303,,,3794877.6207244,234802.11401283,3794852.6207244,234878.11401283
398,515,5151,5152,5153,,,3794866.6207244,235720.11401283,3794839.6207244,235677.11401283
705,108,1081,1082,1083,,,3794864.6207244,234430.11401283,3794627.6207244,234491.11401283
684,129,0,1292,1293,131.0,130.0,3794851.6207244,234879.11401283,3794813.6207244,234913.11401283
456,457,0,4572,4573,459.0,458.0,3794756.6207244,237980.11401283,3794840.6207244,237807.11401283
472,441,0,4412,4413,457.0,442.0,3794841.6207244,237806.11401283,3794836.6207244,237770.11401283
397,516,5161,5162,5163,,,3794763.6207244,235900.11401283,3794837.6207244,235677.11401283
668,145,0,1452,1453,153.0,146.0,3794836.6207244,235417.11401283,3794761.6207244,235444.11401283
474,439,0,4392,4393,441.0,440.0,3794836.6207244,237769.11401283,3794813.6207244,237623.11401283
657,156,0,1562,1563,158.0,157.0,3794832.6207244,235487.11401283,3794775.6207244,235454.11401283
476,437,0,4372,4373,439.0,438.0,3794814.6207244,237622.11401283,3794803.6207244,237541.11401283
423,490,0,4902,4903,492.0,491.0,3794701.6207244,236927.11401283,3794816.6207244,236849.11401283
416,497,4971,4972,4973,,,3794760.6207244,236797.11401283,3794815.6207244,236848.11401283
685,128,0,1282,1283,132.0,129.0,3794813.6207244,234914.11401283,3794737.6207244,234927.11401283
372,541,5411,5412,5413,,,3794804.6207244,236231.11401283,3794708.6207244,236210.11401283
477,436,0,4362,4363,468.0,437.0,3794802.6207244,237540.11401283,3794753.6207244,237429.11401283
445,468,4681,4682,4683,,,3794768.6207244,237623.11401283,3794802.6207244,237541.11401283
396,517,5171,5172,5173,,,3794781.6207244,235663.11401283,3794774.6207244,235455.11401283
658,155,0,1552,0,517.0,156.0,3794774.6207244,235454.11401283,3794773.6207244,235453.11401283
395,518,0,5182,5183,520.0,519.0,3794703.6207244,235525.11401283,3794772.6207244,235454.11401283
686,127,1271,1272,1273,,,3794770.6207244,234781.11401283,3794737.6207244,234926.11401283
659,154,0,1542,1543,518.0,155.0,3794772.6207244,235453.11401283,3794761.6207244,235445.11401283
431,482,4821,4822,4823,,,3794655.6207244,237318.11401283,3794769.6207244,237399.11401283
478,435,0,4352,4353,469.0,436.0,3794753.6207244,237428.11401283,3794769.6207244,237400.11401283
669,144,0,1442,1443,154.0,145.0,3794760.6207244,235444.11401283,3794713.6207244,235411.11401283
455,458,4581,4582,4583,,,3794758.6207244,238011.11401283,3794756.6207244,237981.11401283
454,459,0,4592,4593,467.0,460.0,3794705.6207244,237982.11401283,3794755.6207244,237980.11401283
444,469,0,4692,4693,471.0,470.0,3794672.6207244,237488.11401283,3794752.6207244,237428.11401283
687,126,0,1262,1263,128.0,127.0,3794736.6207244,234927.11401283,3794461.6207244,234800.11401283
670,143,1431,1432,1433,,,3794736.6207244,235210.11401283,3794715.6207244,235230.11401283
371,542,5421,5422,5423,,,3794724.6207244,236276.11401283,3794708.6207244,236211.11401283
710,103,1031,1032,1033,,,3794713.6207244,234125.11401283,3794720.6207244,234205.11401283
711,102,0,1022,1023,104.0,103.0,3794720.6207244,234206.11401283,3794577.6207244,234331.11401283
374,539,5391,5392,5393,,,3794719.6207244,236047.11401283,3794569.6207244,236158.11401283
672,141,0,1412,1413,143.0,142.0,3794715.6207244,235231.11401283,3794713.6207244,235410.11401283
671,142,1421,1422,1423,,,3794710.6207244,235174.11401283,3794714.6207244,235230.11401283
451,462,4621,4622,4623,,,3794713.6207244,238212.11401283,3794647.6207244,238098.11401283
673,140,0,1402,1403,144.0,141.0,3794712.6207244,235410.11401283,3794572.6207244,235230.11401283
373,540,0,5402,5403,542.0,541.0,3794707.6207244,236210.11401283,3794569.6207244,236160.11401283
446,467,4671,4672,4673,,,3794557.6207244,238010.11401283,3794704.6207244,237982.11401283
453,460,0,4602,4603,466.0,461.0,3794647.6207244,238086.11401283,3794704.6207244,237983.11401283
394,519,5191,5192,5193,,,3794696.6207244,235588.11401283,3794703.6207244,235526.11401283
393,520,5201,5202,5203,,,3794674.6207244,235558.11401283,3794702.6207244,235526.11401283
421,492,0,4922,4923,496.0,493.0,3794657.6207244,236960.11401283,3794700.6207244,236927.11401283
422,491,4911,4912,4913,,,3794638.6207244,237005.11401283,3794700.6207244,236928.11401283
443,470,4701,4702,4703,,,3794607.6207244,237744.11401283,3794672.6207244,237489.11401283
442,471,0,4712,4713,473.0,472.0,3794654.6207244,237490.11401283,3794671.6207244,237488.11401283
417,496,4961,4962,4963,,,3794616.6207244,236948.11401283,3794656.6207244,236960.11401283
420,493,0,4932,4933,495.0,494.0,3794574.6207244,237026.11401283,3794656.6207244,236961.11401283
391,522,5221,5222,5223,,,3794652.6207244,235406.11401283,3794560.6207244,235265.11401283
440,473,0,4732,4733,479.0,474.0,3794534.6207244,237536.11401283,3794653.6207244,237489.11401283
441,472,4721,4722,4723,,,3794587.6207244,237533.11401283,3794653.6207244,237490.11401283
452,461,0,4612,4613,463.0,462.0,3794646.6207244,238097.11401283,3794647.6207244,238087.11401283
447,466,4661,4662,4663,,,3794588.6207244,238100.11401283,3794646.6207244,238087.11401283
450,463,0,4632,4633,465.0,464.0,3794582.6207244,238248.11401283,3794646.6207244,238098.11401283
449,464,4641,4642,4643,,,3794637.6207244,238296.11401283,3794583.6207244,238249.11401283
706,107,0,1072,1073,109.0,108.0,3794626.6207244,234491.11401283,3794382.6207244,234444.11401283
369,544,5441,5442,5443,,,3794623.6207244,236458.11401283,3794510.6207244,236338.11401283
708,105,1051,1052,1053,,,3794603.6207244,234342.11401283,3794578.6207244,234331.11401283
308,605,6051,6052,6053,,,3794594.6207244,238654.11401283,3794438.6207244,238506.11401283
448,465,4651,4652,4653,,,3794569.6207244,238287.11401283,3794582.6207244,238249.11401283
309,604,6041,6042,6043,,,3794582.6207244,238487.11401283,3794438.6207244,238505.11401283
727,86,861,862,863,,,3794579.6207244,233935.11401283,3794126.6207244,233859.11401283
712,101,0,1012,1013,105.0,102.0,3794577.6207244,234332.11401283,3794500.6207244,234332.11401283
419,494,4941,4942,4943,,,3794571.6207244,237053.11401283,3794573.6207244,237027.11401283
418,495,4951,4952,4953,,,3794132.6207244,237467.11401283,3794573.6207244,237026.11401283
674,139,0,1392,1393,521.0,140.0,3794571.6207244,235229.11401283,3794400.6207244,235051.11401283
392,521,0,5212,5213,523.0,522.0,3794560.6207244,235264.11401283,3794571.6207244,235230.11401283
375,538,0,5382,5383,540.0,539.0,3794568.6207244,236159.11401283,3794365.6207244,236144.11401283
675,138,1381,1382,1383,,,3794559.6207244,235075.11401283,3794401.6207244,235051.11401283
390,523,0,5232,5233,663.0,524.0,3794440.6207244,235420.11401283,3794559.6207244,235265.11401283
386,527,5271,5272,5273,,,3794540.6207244,235712.11401283,3794367.6207244,235642.11401283
380,533,5331,5332,5333,,,3794540.6207244,235977.11401283,3794318.6207244,235865.11401283
434,479,0,4792,4793,481.0,480.0,3794521.6207244,237526.11401283,3794533.6207244,237535.11401283
439,474,0,4742,4743,478.0,475.0,3794456.6207244,237608.11401283,3794533.6207244,237536.11401283
362,551,5511,5512,5513,,,3794526.6207244,236763.11401283,3794218.6207244,236614.11401283
713,100,1001,1002,1003,,,3794525.6207244,234163.11401283,3794500.6207244,234331.11401283
432,481,4811,4812,4813,,,3794510.6207244,237487.11401283,3794520.6207244,237525.11401283
433,480,4801,4802,4803,,,3794464.6207244,237523.11401283,3794520.6207244,237527.11401283
368,545,5451,5452,5453,,,3794497.6207244,236420.11401283,3794509.6207244,236338.11401283
306,607,6071,6072,6073,,,3794510.6207244,238851.11401283,3794291.6207244,238475.11401283
370,543,0,5432,5433,545.0,544.0,3794509.6207244,236337.11401283,3794365.6207244,236145.11401283
729,84,841,842,843,,,3794503.6207244,233781.11401283,3794182.6207244,233828.11401283
714,99,0,992,993,101.0,100.0,3794499.6207244,234331.11401283,3794362.6207244,234435.11401283
688,125,1251,1252,1253,,,3794495.6207244,234786.11401283,3794461.6207244,234799.11401283
247,666,6661,6662,6663,,,3794106.6207244,235467.11401283,3794372.6207244,235108.11401283
437,476,4761,4762,4763,,,3794437.6207244,237895.11401283,3794429.6207244,237722.11401283
382,531,5311,5312,5313,,,3794464.6207244,235857.11401283,3794298.6207244,235807.11401283
689,124,0,1242,1243,126.0,125.0,3794460.6207244,234800.11401283,3794421.6207244,234825.11401283
438,475,0,4752,4753,477.0,476.0,3794429.6207244,237721.11401283,3794455.6207244,237609.11401283
435,478,4781,4782,4783,,,3794336.6207244,237634.11401283,3794455.6207244,237608.11401283
680,133,1331,1332,1333,,,3794450.6207244,234828.11401283,3794421.6207244,234826.11401283
389,524,0,5242,5243,656.0,525.0,3794337.6207244,235592.11401283,3794440.6207244,235421.11401283
250,663,6631,6632,6633,,,3794347.6207244,235515.11401283,3794439.6207244,235421.11401283
699,114,1141,1142,1143,,,3794438.6207244,234616.11401283,3794382.6207244,234445.11401283
310,603,0,6032,6033,605.0,604.0,3794437.6207244,238505.11401283,3794291.6207244,238470.11401283
436,477,4771,4772,4773,,,3794303.6207244,237882.11401283,3794428.6207244,237722.11401283
690,123,0,1232,1233,133.0,124.0,3794420.6207244,234825.11401283,3794303.6207244,234831.11401283
676,137,0,1372,1373,139.0,138.0,3794400.6207244,235050.11401283,3794321.6207244,235005.11401283
357,556,5561,5562,5563,,,3794389.6207244,236991.11401283,3794284.6207244,236967.11401283
723,90,901,902,903,,,3794387.6207244,234161.11401283,3794193.6207244,234171.11401283
707,106,0,1062,1063,114.0,107.0,3794381.6207244,234445.11401283,3794362.6207244,234436.11401283
246,667,6671,6672,6673,,,3794370.6207244,235185.11401283,3794372.6207244,235109.11401283
735,78,781,782,783,,,3794372.6207244,233512.11401283,3794024.6207244,233545.11401283
248,665,0,6652,6653,667.0,666.0,3794371.6207244,235108.11401283,3794309.6207244,235038.11401283
679,134,1341,1342,1343,,,3794369.6207244,234945.11401283,3794303.6207244,234832.11401283
385,528,5281,5282,5283,,,3794367.6207244,235671.11401283,3794366.6207244,235642.11401283
387,526,0,5262,5263,528.0,527.0,3794366.6207244,235641.11401283,3794355.6207244,235634.11401283
376,537,0,5372,5373,543.0,538.0,3794364.6207244,236144.11401283,3794268.6207244,236076.11401283
715,98,0,982,983,106.0,99.0,3794361.6207244,234436.11401283,3794079.6207244,234417.11401283
366,547,5471,5472,5473,,,3794361.6207244,236428.11401283,3794256.6207244,236278.11401283
360,553,5531,5532,5533,,,3794361.6207244,236854.11401283,3794195.6207244,236692.11401283
388,525,0,5252,5253,529.0,526.0,3794355.6207244,235633.11401283,3794337.6207244,235593.11401283
384,529,0,5292,5293,655.0,530.0,3794296.6207244,235804.11401283,3794354.6207244,235634.11401283
314,599,5991,5992,5993,,,3794353.6207244,238290.11401283,3794212.6207244,238295.11401283
379,534,0,5342,5343,654.0,535.0,3794265.6207244,236023.11401283,3794317.6207244,235864.11401283
257,656,0,6562,6563,658.0,657.0,3794111.6207244,235648.11401283,3794336.6207244,235593.11401283
249,664,0,6642,6643,668.0,665.0,3794308.6207244,235037.11401283,3794321.6207244,235006.11401283
381,532,0,5322,5323,534.0,533.0,3794318.6207244,235864.11401283,3794297.6207244,235807.11401283
677,136,0,1362,1363,664.0,137.0,3794320.6207244,235005.11401283,3794139.6207244,234837.11401283
312,601,6011,6012,6013,,,3794317.6207244,238354.11401283,3794207.6207244,238326.11401283
244,669,6691,6692,6693,,,3794286.6207244,235201.11401283,3794306.6207244,235040.11401283
696,117,1171,1172,1173,,,3794312.6207244,234597.11401283,3794108.6207244,234519.11401283
245,668,0,6682,6683,670.0,669.0,3794306.6207244,235039.11401283,3794307.6207244,235038.11401283
243,670,0,6702,6703,672.0,671.0,3794265.6207244,235015.11401283,3794305.6207244,235040.11401283
691,122,0,1222,1223,134.0,123.0,3794302.6207244,234831.11401283,3794117.6207244,234795.11401283
356,557,5571,5572,5573,,,3794277.6207244,237036.11401283,3794284.6207244,236968.11401283
383,530,0,5302,5303,532.0,531.0,3794297.6207244,235806.11401283,3794296.6207244,235805.11401283
258,655,6551,6552,6553,,,3794235.6207244,235804.11401283,3794295.6207244,235805.11401283
307,606,0,6062,0,608.0,607.0,3794291.6207244,238474.11401283,3794291.6207244,238471.11401283
311,602,0,6022,6023,606.0,603.0,3794290.6207244,238470.11401283,3794206.6207244,238326.11401283
305,608,6081,6082,6083,,,3794241.6207244,238512.11401283,3794290.6207244,238475.11401283
740,73,731,732,733,,,3794286.6207244,233440.11401283,3794008.6207244,233391.11401283
358,555,0,5552,5553,557.0,556.0,3794283.6207244,236967.11401283,3794166.6207244,236763.11401283
367,546,0,5462,5463,548.0,547.0,3794256.6207244,236277.11401283,3794266.6207244,236077.11401283
377,536,0,5362,5363,546.0,537.0,3794267.6207244,236076.11401283,3794265.6207244,236025.11401283
378,535,0,5352,0,565.0,536.0,3794265.6207244,236024.11401283,3794265.6207244,236024.11401283
695,118,1181,1182,1183,,,3794264.6207244,234782.11401283,3794107.6207244,234519.11401283
241,672,6721,6722,6723,,,3794174.6207244,235033.11401283,3794264.6207244,235014.11401283
242,671,6711,6712,6713,,,3794073.6207244,235304.11401283,3794264.6207244,235015.11401283
259,654,6541,6542,6543,,,3794099.6207244,235905.11401283,3794264.6207244,236024.11401283
348,565,0,5652,5653,647.0,566.0,3794194.6207244,236130.11401283,3794264.6207244,236025.11401283
365,548,0,5482,5483,550.0,549.0,3794222.6207244,236585.11401283,3794255.6207244,236278.11401283
364,549,5491,5492,5493,,,3794247.6207244,236594.11401283,3794223.6207244,236586.11401283
724,89,891,892,893,,,3794234.6207244,234146.11401283,3794193.6207244,234170.11401283
728,85,851,852,853,,,3794226.6207244,233822.11401283,3794182.6207244,233829.11401283
363,550,0,5502,5503,552.0,551.0,3794218.6207244,236613.11401283,3794222.6207244,236586.11401283
320,593,5931,5932,5933,,,3794218.6207244,237980.11401283,3793956.6207244,237906.11401283
361,552,0,5522,5523,554.0,553.0,3794194.6207244,236691.11401283,3794217.6207244,236614.11401283
315,598,0,5982,5983,600.0,599.0,3794211.6207244,238294.11401283,3794106.6207244,238223.11401283
313,600,0,6002,6003,602.0,601.0,3794206.6207244,238325.11401283,3794211.6207244,238295.11401283
720,93,931,932,933,,,3794204.6207244,234257.11401283,3794100.6207244,234198.11401283
352,561,5611,5612,5613,,,3794197.6207244,237211.11401283,3794112.6207244,237172.11401283
347,566,0,5662,5663,646.0,567.0,3794164.6207244,236286.11401283,3794194.6207244,236131.11401283
359,554,0,5542,5543,558.0,555.0,3794166.6207244,236762.11401283,3794194.6207244,236692.11401283
266,647,0,6472,6473,651.0,648.0,3793995.6207244,236127.11401283,3794193.6207244,236131.11401283
725,88,0,882,883,90.0,89.0,3794192.6207244,234170.11401283,3794076.6207244,234135.11401283
747,66,661,662,663,,,3794183.6207244,233116.11401283,3793979.6207244,233167.11401283
730,83,0,832,833,85.0,84.0,3794181.6207244,233829.11401283,3794126.6207244,233858.11401283
316,597,5971,5972,5973,,,3794180.6207244,238168.11401283,3794106.6207244,238222.11401283
355,558,0,5582,5583,564.0,559.0,3794065.6207244,236971.11401283,3794165.6207244,236763.11401283
346,567,0,5672,5673,643.0,568.0,3794153.6207244,236325.11401283,3794164.6207244,236287.11401283
267,646,6461,6462,6463,,,3793749.6207244,236317.11401283,3794163.6207244,236286.11401283
741,72,721,722,723,,,3794157.6207244,233439.11401283,3794008.6207244,233390.11401283
240,673,6731,6732,6733,,,3794157.6207244,234917.11401283,3794138.6207244,234837.11401283
345,568,0,5682,5683,642.0,569.0,3793982.6207244,236586.11401283,3794153.6207244,236326.11401283
270,643,0,6432,6433,645.0,644.0,3793684.6207244,236472.11401283,3794152.6207244,236325.11401283
324,589,5891,5892,5893,,,3794152.6207244,237755.11401283,3793894.6207244,237715.11401283
719,94,941,942,943,,,3794139.6207244,234418.11401283,3794099.6207244,234198.11401283
678,135,0,1352,1353,673.0,136.0,3794138.6207244,234836.11401283,3794115.6207244,234796.11401283
744,69,691,692,693,,,3794130.6207244,233339.11401283,3793988.6207244,233347.11401283
731,82,0,822,823,86.0,83.0,3794125.6207244,233859.11401283,3794085.6207244,233853.11401283
326,587,5871,5872,5873,,,3794124.6207244,237611.11401283,3793875.6207244,237700.11401283
692,121,0,1212,1213,135.0,122.0,3794116.6207244,234795.11401283,3794108.6207244,234787.11401283
755,58,581,582,583,,,3794115.6207244,233023.11401283,3793822.6207244,233119.11401283
351,562,5621,5622,5623,,,3794040.6207244,237318.11401283,3794111.6207244,237172.11401283
353,560,0,5602,5603,562.0,561.0,3794111.6207244,237171.11401283,3794096.6207244,237156.11401283
255,658,0,6582,6583,660.0,659.0,3794066.6207244,235633.11401283,3794110.6207244,235648.11401283
256,657,6571,6572,6573,,,3793900.6207244,235852.11401283,3794110.6207244,235649.11401283
239,674,0,6742,6743,676.0,675.0,3793909.6207244,235120.11401283,3794107.6207244,234787.11401283
697,116,0,1162,1163,118.0,117.0,3794107.6207244,234518.11401283,3794067.6207244,234484.11401283
693,120,0,1202,1203,674.0,121.0,3794107.6207244,234786.11401283,3794052.6207244,234499.11401283
317,596,0,5962,5963,598.0,597.0,3794105.6207244,238222.11401283,3794083.6207244,238210.11401283
746,67,671,672,673,,,3794103.6207244,233216.11401283,3793979.6207244,233169.11401283
721,92,0,922,923,94.0,93.0,3794099.6207244,234197.11401283,3794064.6207244,234183.11401283
354,559,0,5592,5593,563.0,560.0,3794095.6207244,237155.11401283,3794065.6207244,236972.11401283
350,563,5631,5632,5633,,,3794059.6207244,237183.11401283,3794095.6207244,237156.11401283
304,609,0,6092,6093,611.0,610.0,3794065.6207244,238394.11401283,3794082.6207244,238210.11401283
734,79,791,792,793,,,3794093.6207244,233697.11401283,3794024.6207244,233546.11401283
726,87,0,872,873,91.0,88.0,3794075.6207244,234135.11401283,3794084.6207244,233853.11401283
732,81,0,812,813,87.0,82.0,3794085.6207244,233852.11401283,3794025.6207244,233770.11401283
716,97,0,972,973,115.0,98.0,3794078.6207244,234416.11401283,3794077.6207244,234349.11401283
318,595,0,5952,5953,609.0,596.0,3794082.6207244,238209.11401283,3793925.6207244,238099.11401283
717,96,0,962,963,678.0,97.0,3794077.6207244,234348.11401283,3794059.6207244,234192.11401283
698,115,0,1152,1153,119.0,116.0,3794067.6207244,234483.11401283,3794078.6207244,234417.11401283
235,678,0,6782,6783,742.0,679.0,3793863.6207244,234626.11401283,3794076.6207244,234349.11401283
722,91,0,912,913,95.0,92.0,3794064.6207244,234182.11401283,3794075.6207244,234136.11401283
303,610,6101,6102,6103,,,3794073.6207244,238485.11401283,3794065.6207244,238395.11401283
694,119,0,1192,1193,677.0,120.0,3794053.6207244,234498.11401283,3794066.6207244,234484.11401283
253,660,0,6602,6603,662.0,661.0,3793732.6207244,235564.11401283,3794065.6207244,235633.11401283
254,659,6591,6592,6593,,,3793729.6207244,235803.11401283,3794065.6207244,235634.11401283
349,564,5641,5642,5643,,,3793955.6207244,237080.11401283,3794064.6207244,236972.11401283
302,611,6111,6112,6113,,,3794034.6207244,238421.11401283,3794064.6207244,238395.11401283
718,95,0,952,953,743.0,96.0,3794059.6207244,234191.11401283,3794063.6207244,234183.11401283
170,743,7431,7432,7433,,,3794020.6207244,234228.11401283,3794058.6207244,234191.11401283
236,677,6771,6772,6773,,,3793880.6207244,234730.11401283,3794052.6207244,234497.11401283
322,591,5911,5912,5913,,,3794026.6207244,237821.11401283,3793948.6207244,237826.11401283
733,80,0,802,803,744.0,81.0,3794024.6207244,233769.11401283,3793973.6207244,233527.11401283
169,744,0,7442,7443,748.0,745.0,3793951.6207244,234167.11401283,3794024.6207244,233770.11401283
343,570,5701,5702,5703,,,3794024.6207244,236619.11401283,3793963.6207244,236612.11401283
736,77,0,772,773,79.0,78.0,3794023.6207244,233546.11401283,3793973.6207244,233526.11401283
739,74,741,742,743,,,3794021.6207244,233429.11401283,3793986.6207244,233388.11401283
742,71,0,712,713,73.0,72.0,3794007.6207244,233390.11401283,3793986.6207244,233387.11401283
262,651,0,6512,6513,653.0,652.0,3793492.6207244,236001.11401283,3793994.6207244,236126.11401283
265,648,0,6482,6483,650.0,649.0,3793605.6207244,236217.11401283,3793994.6207244,236127.11401283
743,70,0,702,703,74.0,71.0,3793985.6207244,233387.11401283,3793987.6207244,233347.11401283
758,55,551,552,553,,,3793988.6207244,232961.11401283,3793858.6207244,233062.11401283
745,68,0,682,683,70.0,69.0,3793987.6207244,233346.11401283,3793919.6207244,233220.11401283
271,642,6421,6422,6423,,,3793755.6207244,236589.11401283,3793981.6207244,236586.11401283
344,569,0,5692,5693,571.0,570.0,3793963.6207244,236611.11401283,3793981.6207244,236587.11401283
748,65,0,652,653,67.0,66.0,3793978.6207244,233168.11401283,3793925.6207244,233198.11401283
737,76,0,762,763,80.0,77.0,3793972.6207244,233526.11401283,3793923.6207244,233396.11401283
342,571,0,5712,5713,641.0,572.0,3793911.6207244,236654.11401283,3793962.6207244,236612.11401283
321,592,0,5922,5923,594.0,593.0,3793956.6207244,237905.11401283,3793947.6207244,237826.11401283
319,594,0,5942,5943,612.0,595.0,3793925.6207244,238098.11401283,3793955.6207244,237906.11401283
168,745,0,7452,7453,747.0,746.0,3793914.6207244,234193.11401283,3793951.6207244,234168.11401283
165,748,0,7482,7483,750.0,749.0,3793671.6207244,234200.11401283,3793950.6207244,234168.11401283
323,590,0,5902,5903,592.0,591.0,3793947.6207244,237825.11401283,3793893.6207244,237716.11401283
749,64,641,642,643,,,3793941.6207244,233150.11401283,3793923.6207244,233198.11401283
238,675,6751,6752,6753,,,3793892.6207244,235304.11401283,3793909.6207244,235121.11401283
157,756,0,7562,7563,758.0,757.0,3793901.6207244,233492.11401283,3793916.6207244,233427.11401283
301,612,6121,6122,6123,,,3793858.6207244,238317.11401283,3793924.6207244,238099.11401283
750,63,0,632,633,65.0,64.0,3793924.6207244,233199.11401283,3793919.6207244,233219.11401283
738,75,0,752,753,755.0,76.0,3793922.6207244,233395.11401283,3793879.6207244,233254.11401283
158,755,0,7552,7553,759.0,756.0,3793915.6207244,233426.11401283,3793922.6207244,233396.11401283
751,62,0,622,623,68.0,63.0,3793918.6207244,233220.11401283,3793880.6207244,233254.11401283
154,759,0,7592,7593,811.0,760.0,3793734.6207244,233588.11401283,3793914.6207244,233427.11401283
166,747,7471,7472,7473,,,3793856.6207244,234299.11401283,3793913.6207244,234193.11401283
167,746,7461,7462,7463,,,3793595.6207244,234477.11401283,3793913.6207244,234194.11401283
156,757,7571,7572,7573,,,3793564.6207244,234048.11401283,3793901.6207244,233493.11401283
272,641,6411,6412,6413,,,3793890.6207244,236641.11401283,3793910.6207244,236654.11401283
341,572,0,5722,5723,574.0,573.0,3793888.6207244,236676.11401283,3793910.6207244,236655.11401283
237,676,6761,6762,6763,,,3793830.6207244,235196.11401283,3793908.6207244,235121.11401283
340,573,5731,5732,5733,,,3793907.6207244,236769.11401283,3793888.6207244,236677.11401283
155,758,7581,7582,7583,,,3793787.6207244,233578.11401283,3793900.6207244,233493.11401283
325,588,0,5882,5883,590.0,589.0,3793893.6207244,237715.11401283,3793875.6207244,237701.11401283
329,584,5841,5842,5843,,,3793889.6207244,237497.11401283,3793694.6207244,237444.11401283
757,56,561,562,563,,,3793888.6207244,233050.11401283,3793859.6207244,233063.11401283
339,574,0,5742,5743,638.0,575.0,3793680.6207244,236768.11401283,3793887.6207244,236677.11401283
752,61,0,612,613,75.0,62.0,3793879.6207244,233253.11401283,3793872.6207244,233247.11401283
327,586,0,5862,5863,588.0,587.0,3793874.6207244,237700.11401283,3793690.6207244,237488.11401283
753,60,0,602,603,812.0,61.0,3793871.6207244,233246.11401283,3793825.6207244,233124.11401283
101,812,8121,8122,8123,,,3793829.6207244,233254.11401283,3793871.6207244,233247.11401283
171,742,7421,7422,7423,,,3793750.6207244,234586.11401283,3793862.6207244,234625.11401283
234,679,0,6792,6793,735.0,680.0,3793806.6207244,234740.11401283,3793862.6207244,234627.11401283
759,54,0,542,543,56.0,55.0,3793858.6207244,233063.11401283,3793856.6207244,233067.11401283
760,53,531,532,533,,,3793845.6207244,232849.11401283,3793855.6207244,233067.11401283
761,52,0,522,523,54.0,53.0,3793855.6207244,233068.11401283,3793809.6207244,233098.11401283
331,582,5821,5822,5823,,,3793837.6207244,237237.11401283,3793694.6207244,237216.11401283
100,813,0,8132,8133,819.0,814.0,3793729.6207244,233189.11401283,3793824.6207244,233124.11401283
754,59,0,592,593,813.0,60.0,3793824.6207244,233123.11401283,3793821.6207244,233120.11401283
756,57,0,572,573,59.0,58.0,3793821.6207244,233119.11401283,3793809.6207244,233099.11401283
233,680,0,6802,6803,682.0,681.0,3793650.6207244,234907.11401283,3793806.6207244,234741.11401283
762,51,0,512,513,57.0,52.0,3793808.6207244,233098.11401283,3793516.6207244,233020.11401283
178,735,0,7352,7353,739.0,736.0,3793492.6207244,234691.11401283,3793805.6207244,234741.11401283
98,815,8151,8152,8153,,,3793733.6207244,233375.11401283,3793731.6207244,233196.11401283
335,578,5781,5782,5783,,,3793760.6207244,236991.11401283,3793637.6207244,236895.11401283
153,760,0,7602,7603,762.0,761.0,3793680.6207244,233658.11401283,3793734.6207244,233589.11401283
102,811,8111,8112,8113,,,3793593.6207244,233616.11401283,3793733.6207244,233588.11401283
251,662,6621,6622,6623,,,3793684.6207244,235582.11401283,3793731.6207244,235564.11401283
252,661,6611,6612,6613,,,3793685.6207244,235619.11401283,3793731.6207244,235565.11401283
99,814,0,8142,8143,816.0,815.0,3793730.6207244,233195.11401283,3793729.6207244,233190.11401283
97,816,0,8162,8163,818.0,817.0,3793688.6207244,233304.11401283,3793730.6207244,233196.11401283
94,819,8191,8192,8193,,,3793696.6207244,233194.11401283,3793728.6207244,233190.11401283
298,615,0,6152,6153,617.0,616.0,3793715.6207244,237738.11401283,3793693.6207244,237610.11401283
297,616,6161,6162,6163,,,3793655.6207244,237930.11401283,3793715.6207244,237739.11401283
296,617,0,6172,6173,619.0,618.0,3793688.6207244,237761.11401283,3793714.6207244,237738.11401283
769,44,441,442,443,,,3793713.6207244,232874.11401283,3793556.6207244,232758.11401283
332,581,0,5812,5813,583.0,582.0,3793694.6207244,237215.11401283,3793648.6207244,237120.11401283
330,583,0,5832,5833,585.0,584.0,3793694.6207244,237443.11401283,3793693.6207244,237216.11401283
232,681,6811,6812,6813,,,3793698.6207244,234981.11401283,3793650.6207244,234908.11401283
328,585,0,5852,5853,613.0,586.0,3793689.6207244,237488.11401283,3793693.6207244,237444.11401283
299,614,0,6142,6143,620.0,615.0,3793692.6207244,237609.11401283,3793675.6207244,237551.11401283
293,620,6201,6202,6203,,,3793641.6207244,237692.11401283,3793692.6207244,237610.11401283
300,613,0,6132,6133,621.0,614.0,3793674.6207244,237550.11401283,3793689.6207244,237489.11401283
95,818,8181,8182,8183,,,3793653.6207244,233298.11401283,3793687.6207244,233304.11401283
96,817,8171,8172,8173,,,3793419.6207244,233478.11401283,3793687.6207244,233305.11401283
294,619,6191,6192,6193,,,3793614.6207244,237775.11401283,3793687.6207244,237761.11401283
295,618,6181,6182,6183,,,3793590.6207244,237824.11401283,3793687.6207244,237762.11401283
268,645,6451,6452,6453,,,3793629.6207244,236427.11401283,3793683.6207244,236471.11401283
269,644,6441,6442,6443,,,3793660.6207244,236469.11401283,3793683.6207244,236472.11401283
152,761,7611,7612,7613,,,3793575.6207244,233782.11401283,3793680.6207244,233659.11401283
338,575,0,5752,5753,633.0,576.0,3793673.6207244,236781.11401283,3793680.6207244,236769.11401283
151,762,0,7622,7623,810.0,763.0,3793445.6207244,233789.11401283,3793679.6207244,233658.11401283
275,638,0,6382,6383,640.0,639.0,3793583.6207244,236671.11401283,3793679.6207244,236768.11401283
291,622,6221,6222,6223,,,3793669.6207244,237347.11401283,3793648.6207244,237121.11401283
164,749,7491,7492,7493,,,3793655.6207244,234265.11401283,3793671.6207244,234201.11401283
337,576,0,5762,5763,626.0,577.0,3793649.6207244,236845.11401283,3793673.6207244,236782.11401283
292,621,6211,6212,6213,,,3793663.6207244,237571.11401283,3793673.6207244,237551.11401283
280,633,0,6332,6333,637.0,634.0,3793447.6207244,236848.11401283,3793672.6207244,236781.11401283
163,750,0,7502,7503,754.0,751.0,3793558.6207244,234214.11401283,3793670.6207244,234200.11401283
231,682,0,6822,6823,684.0,683.0,3793572.6207244,234986.11401283,3793649.6207244,234907.11401283
336,577,0,5772,5773,579.0,578.0,3793637.6207244,236894.11401283,3793649.6207244,236846.11401283
287,626,0,6262,6263,632.0,627.0,3793479.6207244,237017.11401283,3793648.6207244,236846.11401283
333,580,0,5802,5803,622.0,581.0,3793647.6207244,237120.11401283,3793619.6207244,237109.11401283
230,683,6831,6832,6833,,,3793640.6207244,235269.11401283,3793572.6207244,234987.11401283
770,43,431,432,433,,,3793636.6207244,232674.11401283,3793556.6207244,232756.11401283
334,579,0,5792,5793,623.0,580.0,3793618.6207244,237108.11401283,3793636.6207244,236895.11401283
290,623,0,6232,6233,625.0,624.0,3793428.6207244,237414.11401283,3793617.6207244,237109.11401283
92,821,8211,8212,8213,,,3793617.6207244,233070.11401283,3793534.6207244,233087.11401283
263,650,6501,6502,6503,,,3793589.6207244,236187.11401283,3793605.6207244,236216.11401283
264,649,6491,6492,6493,,,3793453.6207244,236287.11401283,3793604.6207244,236217.11401283
273,640,6401,6402,6403,,,3793514.6207244,236577.11401283,3793582.6207244,236670.11401283
274,639,6391,6392,6393,,,3793494.6207244,236676.11401283,3793582.6207244,236671.11401283
229,684,0,6842,6843,686.0,685.0,3793537.6207244,234994.11401283,3793571.6207244,234987.11401283
768,45,451,452,453,,,3793557.6207244,232800.11401283,3793476.6207244,232746.11401283
159,754,7541,7542,7543,,,3793528.6207244,234207.11401283,3793557.6207244,234213.11401283
162,751,0,7512,7513,753.0,752.0,3793479.6207244,234275.11401283,3793557.6207244,234214.11401283
771,42,0,422,423,44.0,43.0,3793555.6207244,232757.11401283,3793476.6207244,232745.11401283
228,685,6851,6852,6853,,,3793540.6207244,235248.11401283,3793536.6207244,234995.11401283
227,686,0,6862,6863,690.0,687.0,3793476.6207244,234986.11401283,3793536.6207244,234993.11401283
91,822,0,8222,8223,826.0,823.0,3793428.6207244,233207.11401283,3793533.6207244,233087.11401283
93,820,0,8202,8203,822.0,821.0,3793533.6207244,233086.11401283,3793516.6207244,233021.11401283
763,50,0,502,503,820.0,51.0,3793515.6207244,233020.11401283,3793376.6207244,232834.11401283
782,31,311,312,313,,,3793514.6207244,232534.11401283,3792873.6207244,232247.11401283
776,37,371,372,373,,,3793502.6207244,232643.11401283,3793142.6207244,232594.11401283
177,736,0,7362,7363,738.0,737.0,3793461.6207244,234717.11401283,3793491.6207244,234692.11401283
174,739,0,7392,7393,741.0,740.0,3793339.6207244,234510.11401283,3793491.6207244,234691.11401283
260,653,6531,6532,6533,,,3793276.6207244,236034.11401283,3793491.6207244,236001.11401283
261,652,6521,6522,6523,,,3793346.6207244,236135.11401283,3793491.6207244,236002.11401283
150,763,0,7632,7633,807.0,764.0,3793382.6207244,233894.11401283,3793445.6207244,233790.11401283
215,698,0,6982,6983,700.0,699.0,3793470.6207244,235721.11401283,3793279.6207244,235487.11401283
214,699,6991,6992,6993,,,3793483.6207244,235764.11401283,3793471.6207244,235722.11401283
161,752,7521,7522,7523,,,3793459.6207244,234355.11401283,3793480.6207244,234276.11401283
286,627,0,6272,6273,631.0,628.0,3793332.6207244,237138.11401283,3793479.6207244,237018.11401283
160,753,7531,7532,7533,,,3793384.6207244,234299.11401283,3793478.6207244,234275.11401283
281,632,6321,6322,6323,,,3793430.6207244,237027.11401283,3793478.6207244,237018.11401283
772,41,0,412,413,45.0,42.0,3793475.6207244,232745.11401283,3793379.6207244,232702.11401283
223,690,0,6902,6903,728.0,691.0,3793392.6207244,235037.11401283,3793475.6207244,234986.11401283
226,687,0,6872,6873,689.0,688.0,3793471.6207244,235003.11401283,3793475.6207244,234987.11401283
225,688,6881,6882,6883,,,3793466.6207244,235039.11401283,3793471.6207244,235004.11401283
213,700,7001,7002,7003,,,3793465.6207244,235762.11401283,3793470.6207244,235722.11401283
224,689,6891,6892,6893,,,3793396.6207244,235054.11401283,3793470.6207244,235004.11401283
176,737,7371,7372,7373,,,3793406.6207244,234819.11401283,3793461.6207244,234718.11401283
175,738,7381,7382,7383,,,3793367.6207244,234744.11401283,3793460.6207244,234718.11401283
86,827,8271,8272,8273,,,3793353.6207244,233098.11401283,3793375.6207244,232835.11401283
217,696,6961,6962,6963,,,3793452.6207244,235479.11401283,3793266.6207244,235372.11401283
773,40,401,402,403,,,3793447.6207244,232701.11401283,3793379.6207244,232701.11401283
276,637,6371,6372,6373,,,3793385.6207244,236805.11401283,3793446.6207244,236848.11401283
279,634,0,6342,6343,636.0,635.0,3793382.6207244,236878.11401283,3793446.6207244,236849.11401283
90,823,0,8232,8233,825.0,824.0,3793356.6207244,233379.11401283,3793429.6207244,233208.11401283
103,810,8101,8102,8103,,,3793376.6207244,233773.11401283,3793444.6207244,233790.11401283
87,826,8261,8262,8263,,,3793251.6207244,233249.11401283,3793428.6207244,233208.11401283
288,625,6251,6252,6253,,,3793375.6207244,237467.11401283,3793427.6207244,237414.11401283
289,624,6241,6242,6243,,,3793425.6207244,237440.11401283,3793427.6207244,237415.11401283
149,764,0,7642,7643,766.0,765.0,3793323.6207244,233971.11401283,3793382.6207244,233895.11401283
185,728,0,7282,7283,732.0,729.0,3793190.6207244,234959.11401283,3793391.6207244,235037.11401283
222,691,0,6912,6913,693.0,692.0,3793270.6207244,235171.11401283,3793391.6207244,235038.11401283
278,635,6351,6352,6353,,,3793150.6207244,237056.11401283,3793382.6207244,236879.11401283
106,807,0,8072,8073,809.0,808.0,3793236.6207244,233815.11401283,3793381.6207244,233894.11401283
277,636,6361,6362,6363,,,3793241.6207244,236893.11401283,3793381.6207244,236879.11401283
774,39,0,392,393,41.0,40.0,3793378.6207244,232701.11401283,3793150.6207244,232616.11401283
764,49,0,492,493,827.0,50.0,3793375.6207244,232834.11401283,3793275.6207244,232782.11401283
89,824,8241,8242,8243,,,3793162.6207244,233633.11401283,3793355.6207244,233380.11401283
88,825,8251,8252,8253,,,3793180.6207244,233559.11401283,3793355.6207244,233379.11401283
285,628,0,6282,6283,630.0,629.0,3793256.6207244,237333.11401283,3793333.6207244,237139.11401283
85,828,8281,8282,8283,,,3793322.6207244,232863.11401283,3793274.6207244,232783.11401283
172,741,7411,7412,7413,,,3793338.6207244,234478.11401283,3793338.6207244,234509.11401283
173,740,7401,7402,7403,,,3793212.6207244,234573.11401283,3793338.6207244,234510.11401283
148,765,7651,7652,7653,,,3793330.6207244,234028.11401283,3793322.6207244,233972.11401283
784,29,291,292,293,,,3793333.6207244,232378.11401283,3793149.6207244,232340.11401283
282,631,6311,6312,6313,,,3793232.6207244,237171.11401283,3793332.6207244,237139.11401283
147,766,0,7662,7663,806.0,767.0,3793266.6207244,233971.11401283,3793322.6207244,233971.11401283
221,692,6921,6922,6923,,,3793312.6207244,235200.11401283,3793270.6207244,235172.11401283
216,697,0,6972,6973,701.0,698.0,3793278.6207244,235486.11401283,3793265.6207244,235372.11401283
212,701,7011,7012,7013,,,3793255.6207244,235670.11401283,3793278.6207244,235487.11401283
765,48,0,482,483,828.0,49.0,3793274.6207244,232782.11401283,3793237.6207244,232748.11401283
179,734,7341,7342,7343,,,3793249.6207244,234800.11401283,3793192.6207244,234953.11401283
220,693,0,6932,6933,715.0,694.0,3793232.6207244,235210.11401283,3793269.6207244,235172.11401283
146,767,0,7672,7673,769.0,768.0,3793187.6207244,234092.11401283,3793265.6207244,233972.11401283
107,806,8061,8062,8063,,,3793145.6207244,233922.11401283,3793265.6207244,233971.11401283
218,695,0,6952,6953,697.0,696.0,3793265.6207244,235371.11401283,3793221.6207244,235237.11401283
283,630,6301,6302,6303,,,3793208.6207244,237326.11401283,3793255.6207244,237333.11401283
284,629,6291,6292,6293,,,3793213.6207244,237360.11401283,3793255.6207244,237334.11401283
84,829,8291,8292,8293,,,3793253.6207244,232814.11401283,3793236.6207244,232748.11401283
785,28,281,282,283,,,3793249.6207244,232284.11401283,3793149.6207244,232338.11401283
210,703,7031,7032,7033,,,3793237.6207244,235859.11401283,3793016.6207244,235639.11401283
766,47,0,472,473,829.0,48.0,3793236.6207244,232747.11401283,3793189.6207244,232688.11401283
104,809,8091,8092,8093,,,3793235.6207244,233786.11401283,3793235.6207244,233815.11401283
105,808,8081,8082,8083,,,3792970.6207244,233870.11401283,3793235.6207244,233816.11401283
219,694,0,6942,6943,702.0,695.0,3793221.6207244,235236.11401283,3793232.6207244,235211.11401283
198,715,0,7152,7153,727.0,716.0,3792933.6207244,235286.11401283,3793231.6207244,235211.11401283
211,702,0,7022,7023,704.0,703.0,3793015.6207244,235638.11401283,3793220.6207244,235237.11401283
145,768,7681,7682,7683,,,3793211.6207244,234268.11401283,3793187.6207244,234093.11401283
787,26,261,262,263,,,3793204.6207244,232225.11401283,3793003.6207244,232270.11401283
83,830,0,8302,8303,854.0,831.0,3793098.6207244,233087.11401283,3793189.6207244,232689.11401283
181,732,0,7322,7323,734.0,733.0,3793191.6207244,234954.11401283,3793191.6207244,234958.11401283
180,733,7331,7332,7333,,,3793092.6207244,234813.11401283,3793190.6207244,234953.11401283
184,729,0,7292,7293,731.0,730.0,3793137.6207244,234963.11401283,3793190.6207244,234958.11401283
767,46,0,462,463,830.0,47.0,3793188.6207244,232688.11401283,3793149.6207244,232616.11401283
144,769,0,7692,7693,771.0,770.0,3793078.6207244,234140.11401283,3793186.6207244,234092.11401283
775,38,0,382,383,46.0,39.0,3793149.6207244,232615.11401283,3793141.6207244,232596.11401283
786,27,0,272,273,29.0,28.0,3793148.6207244,232339.11401283,3793003.6207244,232271.11401283
777,36,0,362,363,38.0,37.0,3793141.6207244,232595.11401283,3792937.6207244,232513.11401283
182,731,7311,7312,7313,,,3792954.6207244,234868.11401283,3793136.6207244,234963.11401283
183,730,7301,7302,7303,,,3793088.6207244,234991.11401283,3793136.6207244,234964.11401283
783,30,301,302,303,,,3793118.6207244,232438.11401283,3792924.6207244,232261.11401283
205,708,7081,7082,7083,,,3793112.6207244,236091.11401283,3792931.6207244,235963.11401283
82,831,0,8312,8313,833.0,832.0,3793045.6207244,233219.11401283,3793098.6207244,233088.11401283
59,854,8541,8542,8543,,,3792908.6207244,233206.11401283,3793097.6207244,233088.11401283
143,770,7701,7702,7703,,,3793076.6207244,234166.11401283,3793077.6207244,234141.11401283
142,771,0,7712,7713,805.0,772.0,3792974.6207244,234211.11401283,3793077.6207244,234140.11401283
57,856,8561,8562,8563,,,3793040.6207244,232803.11401283,3792960.6207244,232562.11401283
81,832,8321,8322,8323,,,3793027.6207244,233259.11401283,3793045.6207244,233220.11401283
139,774,7741,7742,7743,,,3793045.6207244,234378.11401283,3792981.6207244,234328.11401283
80,833,0,8332,8333,837.0,834.0,3792964.6207244,233345.11401283,3793044.6207244,233220.11401283
789,24,241,242,243,,,3793025.6207244,232055.11401283,3792965.6207244,232269.11401283
204,709,7091,7092,7093,,,3793013.6207244,236181.11401283,3792930.6207244,235963.11401283
209,704,0,7042,7043,710.0,705.0,3792940.6207244,235702.11401283,3793015.6207244,235639.11401283
78,835,8351,8352,8353,,,3793008.6207244,233450.11401283,3792951.6207244,233358.11401283
788,25,0,252,253,27.0,26.0,3793002.6207244,232271.11401283,3792965.6207244,232271.11401283
140,773,0,7732,7733,775.0,774.0,3792980.6207244,234328.11401283,3792967.6207244,234220.11401283
138,775,7751,7752,7753,,,3792973.6207244,234563.11401283,3792980.6207244,234329.11401283
108,805,8051,8052,8053,,,3792767.6207244,234097.11401283,3792973.6207244,234211.11401283
141,772,0,7722,7723,776.0,773.0,3792967.6207244,234219.11401283,3792973.6207244,234212.11401283
137,776,0,7762,7763,804.0,777.0,3792898.6207244,234276.11401283,3792966.6207244,234220.11401283
790,23,0,232,233,25.0,24.0,3792964.6207244,232270.11401283,3792924.6207244,232260.11401283
76,837,0,8372,8373,853.0,838.0,3792858.6207244,233429.11401283,3792963.6207244,233345.11401283
79,834,0,8342,8343,836.0,835.0,3792952.6207244,233357.11401283,3792963.6207244,233346.11401283
58,855,0,8552,8553,857.0,856.0,3792959.6207244,232561.11401283,3792937.6207244,232514.11401283
56,857,0,8572,8573,869.0,858.0,3792887.6207244,232734.11401283,3792959.6207244,232562.11401283
207,706,7061,7062,7063,,,3792958.6207244,235779.11401283,3792938.6207244,235773.11401283
77,836,8361,8362,8363,,,3792932.6207244,233687.11401283,3792951.6207244,233357.11401283
794,19,191,192,193,,,3792943.6207244,232043.11401283,3792743.6207244,232176.11401283
186,727,7271,7272,7273,,,3792939.6207244,235204.11401283,3792932.6207244,235286.11401283
208,705,0,7052,7053,707.0,706.0,3792937.6207244,235772.11401283,3792940.6207244,235703.11401283
203,710,0,7102,7103,712.0,711.0,3792920.6207244,235702.11401283,3792939.6207244,235702.11401283
206,707,0,7072,7073,709.0,708.0,3792930.6207244,235962.11401283,3792937.6207244,235773.11401283
778,35,0,352,353,855.0,36.0,3792936.6207244,232513.11401283,3792720.6207244,232367.11401283
197,716,0,7162,7163,718.0,717.0,3792929.6207244,235291.11401283,3792932.6207244,235287.11401283
196,717,7171,7172,7173,,,3792846.6207244,235511.11401283,3792929.6207244,235292.11401283
195,718,0,7182,7183,726.0,719.0,3792918.6207244,235295.11401283,3792928.6207244,235291.11401283
791,22,0,222,223,30.0,23.0,3792923.6207244,232260.11401283,3792873.6207244,232246.11401283
202,711,7111,7112,7113,,,3792913.6207244,236017.11401283,3792921.6207244,235703.11401283
201,712,0,7122,7123,714.0,713.0,3792881.6207244,235725.11401283,3792920.6207244,235703.11401283
136,777,0,7772,7773,779.0,778.0,3792860.6207244,234338.11401283,3792899.6207244,234276.11401283
187,726,7261,7262,7263,,,3792798.6207244,235064.11401283,3792917.6207244,235295.11401283
194,719,0,7192,7193,721.0,720.0,3792903.6207244,235297.11401283,3792917.6207244,235296.11401283
54,859,8591,8592,8593,,,3792916.6207244,233022.11401283,3792874.6207244,232899.11401283
135,778,7781,7782,7783,,,3792903.6207244,234439.11401283,3792860.6207244,234339.11401283
192,721,0,7212,7213,725.0,722.0,3792784.6207244,235268.11401283,3792902.6207244,235297.11401283
193,720,7201,7202,7203,,,3792567.6207244,235569.11401283,3792902.6207244,235298.11401283
55,858,0,8582,8583,860.0,859.0,3792874.6207244,232898.11401283,3792887.6207244,232735.11401283
109,804,8041,8042,8043,,,3792770.6207244,234247.11401283,3792897.6207244,234277.11401283
781,32,321,322,323,,,3792890.6207244,232286.11401283,3792837.6207244,232228.11401283
44,869,8691,8692,8693,,,3792787.6207244,232845.11401283,3792886.6207244,232735.11401283
200,713,7131,7132,7133,,,3792777.6207244,235795.11401283,3792881.6207244,235726.11401283
199,714,7141,7142,7143,,,3792846.6207244,235716.11401283,3792880.6207244,235725.11401283
53,860,0,8602,8603,868.0,861.0,3792727.6207244,233034.11401283,3792873.6207244,232898.11401283
792,21,0,212,213,31.0,22.0,3792872.6207244,232246.11401283,3792837.6207244,232227.11401283
134,779,0,7792,7793,785.0,780.0,3792798.6207244,234393.11401283,3792859.6207244,234339.11401283
60,853,8531,8532,8533,,,3792775.6207244,233395.11401283,3792857.6207244,233429.11401283
75,838,0,8382,8383,844.0,839.0,3792759.6207244,233529.11401283,3792857.6207244,233430.11401283
42,871,8711,8712,8713,,,3792847.6207244,232520.11401283,3792805.6207244,232496.11401283
793,20,0,202,203,32.0,21.0,3792836.6207244,232227.11401283,3792733.6207244,232183.11401283
132,781,7811,7812,7813,,,3792832.6207244,234621.11401283,3792793.6207244,234414.11401283
798,15,151,152,153,,,3792827.6207244,231917.11401283,3792679.6207244,232149.11401283
43,870,0,8702,8703,872.0,871.0,3792804.6207244,232496.11401283,3792719.6207244,232368.11401283
41,872,8721,8722,8723,,,3792612.6207244,232819.11401283,3792804.6207244,232497.11401283
133,780,0,7802,7803,782.0,781.0,3792793.6207244,234413.11401283,3792798.6207244,234394.11401283
128,785,0,7852,7853,801.0,786.0,3792741.6207244,234450.11401283,3792797.6207244,234394.11401283
802,11,111,112,113,,,3792795.6207244,231792.11401283,3792461.6207244,232018.11401283
131,782,0,7822,7823,784.0,783.0,3792677.6207244,234596.11401283,3792792.6207244,234414.11401283
188,725,7251,7252,7253,,,3792669.6207244,235145.11401283,3792784.6207244,235267.11401283
191,722,0,7222,7223,724.0,723.0,3792602.6207244,235259.11401283,3792783.6207244,235268.11401283
72,841,8411,8412,8413,,,3792758.6207244,233974.11401283,3792715.6207244,233896.11401283
74,839,0,8392,8393,843.0,840.0,3792683.6207244,233744.11401283,3792759.6207244,233530.11401283
795,18,181,182,183,,,3792763.6207244,232161.11401283,3792743.6207244,232175.11401283
130,783,7831,7832,7833,,,3792754.6207244,234819.11401283,3792678.6207244,234597.11401283
69,844,0,8442,8443,846.0,845.0,3792667.6207244,233567.11401283,3792758.6207244,233529.11401283
796,17,0,172,173,19.0,18.0,3792742.6207244,232176.11401283,3792733.6207244,232182.11401283
112,801,0,8012,8013,803.0,802.0,3792626.6207244,234355.11401283,3792740.6207244,234450.11401283
127,786,0,7862,7863,800.0,787.0,3792554.6207244,234586.11401283,3792740.6207244,234451.11401283
797,16,0,162,163,20.0,17.0,3792732.6207244,232182.11401283,3792679.6207244,232150.11401283
52,861,0,8612,8613,863.0,862.0,3792688.6207244,233121.11401283,3792727.6207244,233035.11401283
45,868,8681,8682,8683,,,3792696.6207244,233014.11401283,3792726.6207244,233034.11401283
51,862,8621,8622,8623,,,3792721.6207244,233167.11401283,3792688.6207244,233122.11401283
73,840,0,8402,8403,842.0,841.0,3792714.6207244,233895.11401283,3792683.6207244,233745.11401283
779,34,0,342,343,870.0,35.0,3792719.6207244,232367.11401283,3792324.6207244,232119.11401283
71,842,8421,8422,8423,,,3792644.6207244,233998.11401283,3792714.6207244,233896.11401283
129,784,7841,7842,7843,,,3792564.6207244,234961.11401283,3792677.6207244,234597.11401283
50,863,0,8632,8633,867.0,864.0,3792673.6207244,233124.11401283,3792687.6207244,233121.11401283
70,843,8431,8432,8433,,,3792373.6207244,233908.11401283,3792682.6207244,233745.11401283
799,14,0,142,143,16.0,15.0,3792678.6207244,232149.11401283,3792538.6207244,232104.11401283
68,845,8451,8452,8453,,,3792676.6207244,233641.11401283,3792666.6207244,233568.11401283
46,867,8671,8672,8673,,,3792617.6207244,233101.11401283,3792672.6207244,233124.11401283
49,864,0,8642,8643,866.0,865.0,3792586.6207244,233243.11401283,3792672.6207244,233125.11401283
800,13,131,132,133,,,3792671.6207244,232072.11401283,3792538.6207244,232103.11401283
110,803,8031,8032,8033,,,3792530.6207244,234206.11401283,3792627.6207244,234354.11401283
67,846,0,8462,8463,848.0,847.0,3792489.6207244,233549.11401283,3792666.6207244,233567.11401283
111,802,8021,8022,8023,,,3792451.6207244,234327.11401283,3792625.6207244,234355.11401283
189,724,7241,7242,7243,,,3792441.6207244,235225.11401283,3792601.6207244,235258.11401283
190,723,7231,7232,7233,,,3792502.6207244,235395.11401283,3792601.6207244,235259.11401283
38,875,8751,8752,8753,,,3792596.6207244,232345.11401283,3792311.6207244,232203.11401283
48,865,8651,8652,8653,,,3792594.6207244,233299.11401283,3792586.6207244,233244.11401283
47,866,8661,8662,8663,,,3792523.6207244,233273.11401283,3792585.6207244,233243.11401283
113,800,8001,8002,8003,,,3792456.6207244,234485.11401283,3792553.6207244,234586.11401283
126,787,0,7872,7873,789.0,788.0,3792505.6207244,234611.11401283,3792553.6207244,234587.11401283
801,12,0,122,123,14.0,13.0,3792537.6207244,232103.11401283,3792457.6207244,232058.11401283
125,788,7881,7882,7883,,,3792521.6207244,234720.11401283,3792504.6207244,234612.11401283
124,789,0,7892,7893,799.0,790.0,3792373.6207244,234652.11401283,3792504.6207244,234611.11401283
804,9,91,92,93,,,3792497.6207244,231708.11401283,3792421.6207244,231968.11401283
66,847,8471,8472,8473,,,3792444.6207244,233669.11401283,3792488.6207244,233550.11401283
65,848,0,8482,8483,852.0,849.0,3792439.6207244,233559.11401283,3792488.6207244,233549.11401283
806,7,0,72,73,11.0,8.0,3792461.6207244,232019.11401283,3792457.6207244,232056.11401283
805,8,0,82,83,10.0,9.0,3792422.6207244,231969.11401283,3792460.6207244,232018.11401283
36,877,0,8772,8773,891.0,878.0,3792369.6207244,232777.11401283,3792423.6207244,232591.11401283
37,876,0,8762,8763,892.0,877.0,3792423.6207244,232590.11401283,3792309.6207244,232204.11401283
807,6,0,62,63,12.0,7.0,3792456.6207244,232057.11401283,3792245.6207244,232050.11401283
61,852,8521,8522,8523,,,3792395.6207244,233493.11401283,3792439.6207244,233558.11401283
64,849,0,8492,8493,851.0,850.0,3792340.6207244,233599.11401283,3792438.6207244,233559.11401283
31,882,8821,8822,8823,,,3792434.6207244,233005.11401283,3792349.6207244,232950.11401283
803,10,101,102,103,,,3792430.6207244,231897.11401283,3792422.6207244,231968.11401283
21,892,8921,8922,8923,,,3792257.6207244,232634.11401283,3792422.6207244,232590.11401283
29,884,8841,8842,8843,,,3792394.6207244,233158.11401283,3792288.6207244,233075.11401283
33,880,8801,8802,8803,,,3792392.6207244,232927.11401283,3792339.6207244,232930.11401283
35,878,0,8782,8783,890.0,879.0,3792363.6207244,232853.11401283,3792369.6207244,232778.11401283
114,799,7991,7992,7993,,,3792310.6207244,234531.11401283,3792372.6207244,234652.11401283
123,790,0,7902,7903,792.0,791.0,3792299.6207244,234698.11401283,3792372.6207244,234653.11401283
22,891,8911,8912,8913,,,3792091.6207244,232828.11401283,3792368.6207244,232778.11401283
34,879,0,8792,8793,881.0,880.0,3792338.6207244,232930.11401283,3792362.6207244,232854.11401283
23,890,8901,8902,8903,,,3792136.6207244,232962.11401283,3792362.6207244,232853.11401283
30,883,0,8832,8833,885.0,884.0,3792287.6207244,233074.11401283,3792349.6207244,232951.11401283
32,881,0,8812,8813,883.0,882.0,3792348.6207244,232950.11401283,3792339.6207244,232931.11401283
63,850,8501,8502,8503,,,3792243.6207244,233687.11401283,3792340.6207244,233600.11401283
62,851,8511,8512,8513,,,3792188.6207244,233601.11401283,3792339.6207244,233599.11401283
122,791,7911,7912,7913,,,3792312.6207244,234854.11401283,3792299.6207244,234699.11401283
780,33,0,332,333,873.0,34.0,3792323.6207244,232118.11401283,3792245.6207244,232051.11401283
40,873,0,8732,8733,893.0,874.0,3792279.6207244,232181.11401283,3792323.6207244,232119.11401283
27,886,8861,8862,8863,,,3792316.6207244,233184.11401283,3792279.6207244,233092.11401283
39,874,0,8742,8743,876.0,875.0,3792310.6207244,232203.11401283,3792279.6207244,232182.11401283
121,792,0,7922,7923,798.0,793.0,3792233.6207244,234721.11401283,3792298.6207244,234698.11401283
28,885,0,8852,8853,887.0,886.0,3792278.6207244,233091.11401283,3792287.6207244,233075.11401283
20,893,8931,8932,8933,,,3792127.6207244,232586.11401283,3792278.6207244,232182.11401283
26,887,0,8872,8873,889.0,888.0,3792229.6207244,233149.11401283,3792277.6207244,233091.11401283
25,888,8881,8882,8883,,,3792230.6207244,233345.11401283,3792229.6207244,233150.11401283
808,5,0,52,53,33.0,6.0,3792244.6207244,232050.11401283,3791940.6207244,231858.11401283
115,798,7981,7982,7983,,,3792239.6207244,234545.11401283,3792232.6207244,234720.11401283
120,793,0,7932,7933,797.0,794.0,3792203.6207244,234768.11401283,3792232.6207244,234721.11401283
24,889,8891,8892,8893,,,3792065.6207244,233201.11401283,3792228.6207244,233149.11401283
119,794,0,7942,7943,796.0,795.0,3792156.6207244,234859.11401283,3792203.6207244,234769.11401283
116,797,7971,7972,7973,,,3792123.6207244,234767.11401283,3792202.6207244,234768.11401283
118,795,7951,7952,7953,,,3792174.6207244,234874.11401283,3792157.6207244,234860.11401283
14,899,8991,8992,8993,,,3792166.6207244,232156.11401283,3792123.6207244,232106.11401283
117,796,7961,7962,7963,,,3792140.6207244,234943.11401283,3792156.6207244,234860.11401283
13,900,9001,9002,9003,,,3792093.6207244,232291.11401283,3792123.6207244,232107.11401283
15,898,0,8982,8983,900.0,899.0,3792122.6207244,232106.11401283,3792022.6207244,232058.11401283
11,902,0,9022,9023,904.0,903.0,3792023.6207244,232324.11401283,3792013.6207244,232161.11401283
10,903,9031,9032,9033,,,3792025.6207244,232416.11401283,3792023.6207244,232325.11401283
12,901,0,9012,9013,905.0,902.0,3792013.6207244,232160.11401283,3792021.6207244,232059.11401283
9,904,9041,9042,9043,,,3791897.6207244,232485.11401283,3792022.6207244,232325.11401283
16,897,0,8972,8973,901.0,898.0,3792021.6207244,232058.11401283,3792006.6207244,232057.11401283
19,894,8941,8942,8943,,,3792017.6207244,231932.11401283,3791940.6207244,231859.11401283
8,905,9051,9052,9053,,,3791976.6207244,232197.11401283,3792012.6207244,232161.11401283
17,896,0,8962,0,906.0,897.0,3792005.6207244,232056.11401283,3792005.6207244,232056.11401283
7,906,9061,9062,9063,,,3791980.6207244,232067.11401283,3792005.6207244,232057.11401283
18,895,0,8952,8953,907.0,896.0,3792004.6207244,232055.11401283,3791853.6207244,231822.11401283
6,907,0,9072,9073,909.0,908.0,3791826.6207244,232172.11401283,3792004.6207244,232056.11401283
809,4,0,42,43,894.0,5.0,3791939.6207244,231858.11401283,3791854.6207244,231822.11401283
810,3,0,32,33,895.0,4.0,3791853.6207244,231821.11401283,3791822.6207244,231761.11401283
5,908,9081,9082,9083,,,3791820.6207244,232250.11401283,3791827.6207244,232173.11401283
2,911,9111,9112,9113,,,3791851.6207244,231950.11401283,3791824.6207244,231892.11401283
4,909,9091,9092,9093,,,3791783.6207244,232200.11401283,3791826.6207244,232173.11401283
811,2,0,22,23,910.0,3.0,3791822.6207244,231760.11401283,3791752.6207244,231577.11401283
3,910,0,9102,9103,912.0,911.0,3791823.6207244,231891.11401283,3791821.6207244,231761.11401283
1,912,9121,9122,9123,,,3791736.6207244,231917.11401283,3791823.6207244,231892.11401283
