X,Y,GULLY_ID,COL,ROW,UPAREA,LUPAREA,SUBAREA,SLOPE,CTINDEX,STREAM_ORDER,STREAMCNT,HCUT_B,SPARES,PEG_Point,PEG_ID,CELL_ID,REACH_ID,X_Before_Snap,Y_Before_Snap,COL_Before_Snap,ROW_Before_Snap
717295.39700,4475952.83000,c032a00,506,101,4842.0000,-99.0000,5463.0000,0.023542,105.4621,-99,-99,0.0000,4,1,1032001,32,-99,,,,
717283.39700,4475940.83000,c032a01,502,105,5202.0000,-99.0000,5463.0000,0.023544,101.3852,-99,-99,4842.0000,4,2,1032002,32,-99,,,,
717274.39700,4475937.83000,c032a02,499,106,5463.0000,-99.0000,5463.0000,0.033153,117.9593,-99,-99,5202.0000,3,3,1032003,32,-99,,,,
717295.39700,4475772.83000,c033a00,506,161,4086.0000,-99.0000,4887.0000,0.033110,78.7373,-99,-99,0.0000,3,4,1033001,33,-99,,,,
717535.39700,4475919.83000,c042a00,586,112,1611.0000,-99.0000,12573.0000,0.047143,199.9072,-99,-99,0.0000,4,5,1042001,42,-99,,,,
717535.39700,4475880.83000,c042a01,586,125,6831.0000,-99.0000,12573.0000,0.000010,87.4044,-99,-99,1611.0000,3,6,1042002,42,-99,,,,
717352.39700,4475760.83000,c043a00,525,165,7704.0000,-99.0000,8595.0000,0.033297,150.0740,-99,-99,2691.0000,3,7,1043001,43,-99,,,,
717370.39700,4475733.83000,c043a01,531,174,2691.0000,-99.0000,8595.0000,0.023563,92.8191,-99,-99,2151.0000,4,8,1043002,43,-99,,,,
717742.39700,4475721.83000,c043a02,655,178,9018.0000,-99.0000,29754.0000,0.000010,211.8245,-99,-99,3735.0000,3,9,1043003,43,-99,,,,
717385.39700,4475706.83000,c043a03,536,183,2151.0000,-99.0000,8595.0000,0.066660,125.9187,-99,-99,1674.0000,4,10,1043004,43,-99,,,,
717616.39700,4475700.83000,c043a04,613,185,6102.0000,-99.0000,7299.0000,0.000010,77.2905,-99,-99,0.0000,3,11,1043005,43,-99,,,,
717385.39700,4475691.83000,c043a05,536,188,1674.0000,-99.0000,8595.0000,0.033323,75.1988,-99,-99,0.0000,4,12,1043006,43,-99,,,,
717736.39700,4475691.83000,c043a06,653,188,3735.0000,-99.0000,29754.0000,0.023528,81.2454,-99,-99,0.0000,4,13,1043007,43,-99,,,,
717502.39700,4475676.83000,c043a07,575,193,9540.0000,-99.0000,24354.0000,0.023243,181.1171,-99,-99,4104.0000,3,14,1043008,43,-99,,,,
717520.39700,4475652.83000,c043a08,581,201,4104.0000,-99.0000,24354.0000,0.023521,79.8024,-99,-99,0.0000,4,15,1043009,43,-99,,,,
717724.39700,4476144.83000,c051a00,649,37,630.0000,-99.0000,13509.0000,0.066660,90.5892,-99,-99,0.0000,4,16,1051001,51,-99,,,,
717856.39700,4476144.83000,c051a01,693,37,1269.0000,-99.0000,24651.0000,0.047143,80.5686,-99,-99,0.0000,4,17,1051002,51,-99,,,,
717733.39700,4476141.83000,c051a02,652,38,756.0000,-99.0000,13509.0000,0.066660,84.6542,-99,-99,630.0000,4,18,1051003,51,-99,,,,
717745.39700,4476135.83000,c051a03,656,40,1233.0000,-99.0000,13509.0000,0.023563,88.7098,-99,-99,756.0000,3,19,1051004,51,-99,,,,
717844.39700,4476135.83000,c051a04,689,40,1620.0000,-99.0000,24651.0000,0.047136,94.8006,-99,-99,1269.0000,4,20,1051005,51,-99,,,,
717835.39700,4476132.83000,c051a05,686,41,1755.0000,-99.0000,24651.0000,0.047143,87.2159,-99,-99,1620.0000,4,21,1051006,51,-99,,,,
717862.39700,4476132.83000,c051a06,695,41,2115.0000,-99.0000,24651.0000,0.033337,84.2140,-99,-99,0.0000,4,22,1051007,51,-99,,,,
717847.39700,4476129.83000,c051a07,690,42,2259.0000,-99.0000,24651.0000,0.047143,126.2945,-99,-99,2115.0000,4,23,1051008,51,-99,,,,
717826.39700,4476114.83000,c051a08,683,47,4401.0000,-99.0000,24651.0000,0.023563,112.9486,-99,-99,4014.0000,3,24,1051009,51,-99,,,,
717862.39700,4476078.83000,c051a09,695,59,1368.0000,-99.0000,24651.0000,0.066670,140.7630,-99,-99,0.0000,3,25,1051010,51,-99,,,,
717688.39700,4476045.83000,c051a10,637,70,1710.0000,-99.0000,13509.0000,0.047145,100.1084,-99,-99,0.0000,3,26,1051011,51,-99,,,,
717826.39700,4476006.83000,c051a11,683,83,1557.0000,-99.0000,24651.0000,0.033337,90.0818,-99,-99,0.0000,3,27,1051012,51,-99,,,,
717664.39700,4476012.83000,c052a00,629,81,1557.0000,-99.0000,3987.0000,0.023570,115.3218,-99,-99,0.0000,4,28,1052001,52,-99,,,,
717676.39700,4476012.83000,c052a01,633,81,2124.0000,-99.0000,3987.0000,0.033327,108.1136,-99,-99,1557.0000,4,29,1052002,52,-99,,,,
717682.39700,4476012.83000,c052a02,635,81,2349.0000,-99.0000,3987.0000,0.033333,78.0896,-99,-99,2124.0000,3,30,1052003,52,-99,,,,
717793.39700,4475850.83000,c061a00,672,135,16758.0000,-99.0000,18090.0000,0.022896,308.7531,-99,-99,15885.0000,3,31,1061001,61,-99,,,,
717805.39700,4475847.83000,c061a01,676,136,15885.0000,-99.0000,18090.0000,0.023542,309.3393,-99,-99,14733.0000,4,32,1061002,61,-99,,,,
717817.39700,4475844.83000,c061a02,680,137,14733.0000,-99.0000,18090.0000,0.033297,286.9344,-99,-99,14292.0000,4,33,1061003,61,-99,,,,
717835.39700,4475844.83000,c061a03,686,137,14292.0000,-99.0000,18090.0000,0.023566,529.0158,-99,-99,13374.0000,4,34,1061004,61,-99,,,,
717853.39700,4475838.83000,c061a04,692,139,13374.0000,-99.0000,18090.0000,0.033303,291.3650,-99,-99,13032.0000,4,35,1061005,61,-99,,,,
717859.39700,4475838.83000,c061a05,694,139,13032.0000,-99.0000,18090.0000,0.023566,254.3246,-99,-99,12015.0000,4,36,1061006,61,-99,,,,
717862.39700,4475832.83000,c061a06,695,141,12015.0000,-99.0000,18090.0000,0.023563,234.4364,-99,-99,11826.0000,4,37,1061007,61,-99,,,,
717868.39700,4475829.83000,c061a07,697,142,11826.0000,-99.0000,18090.0000,0.033327,257.9387,-99,-99,10359.0000,4,38,1061008,61,-99,,,,
717877.39700,4475826.83000,c061a08,700,143,10359.0000,-99.0000,18090.0000,0.023558,202.0841,-99,-99,9981.0000,4,39,1061009,61,-99,,,,
717886.39700,4475817.83000,c061a09,703,146,9981.0000,-99.0000,18090.0000,0.033293,217.3931,-99,-99,6534.0000,4,40,1061010,61,-99,,,,
717775.39700,4475811.83000,c061a10,666,148,19485.0000,-99.0000,25371.0000,0.033283,379.3306,-99,-99,18558.0000,3,41,1061011,61,-99,,,,
717892.39700,4475805.83000,c061a11,705,150,6534.0000,-99.0000,18090.0000,0.023544,85.3668,-99,-99,6489.0000,4,42,1061012,61,-99,,,,
717898.39700,4475796.83000,c061a12,707,153,6489.0000,-99.0000,18090.0000,0.023549,126.4747,-99,-99,3942.0000,4,43,1061013,61,-99,,,,
717772.39700,4475793.83000,c061a13,665,154,18558.0000,-99.0000,25371.0000,0.033287,361.3201,-99,-99,18234.0000,4,44,1061014,61,-99,,,,
717919.39700,4475778.83000,c061a14,714,159,3942.0000,-99.0000,18090.0000,0.033307,85.9280,-99,-99,0.0000,4,45,1061015,61,-99,,,,
717772.39700,4475772.83000,c061a15,665,161,18234.0000,-99.0000,25371.0000,0.023535,673.6460,-99,-99,17100.0000,4,46,1061016,61,-99,,,,
717775.39700,4475754.83000,c061a16,666,167,17100.0000,-99.0000,25371.0000,0.023535,332.8998,-99,-99,12420.0000,4,47,1061017,61,-99,,,,
717787.39700,4475739.83000,c061a17,670,172,12420.0000,-99.0000,25371.0000,0.000010,162.1966,-99,-99,11790.0000,4,48,1061018,61,-99,,,,
717799.39700,4475733.83000,c061a18,674,174,11790.0000,-99.0000,25371.0000,0.023556,436.2301,-99,-99,11286.0000,4,49,1061019,61,-99,,,,
717805.39700,4475730.83000,c061a19,676,175,11286.0000,-99.0000,25371.0000,0.033327,220.2672,-99,-99,10683.0000,4,50,1061020,61,-99,,,,
717811.39700,4475730.83000,c061a20,678,175,10683.0000,-99.0000,25371.0000,0.033323,208.4621,-99,-99,10314.0000,4,51,1061021,61,-99,,,,
717820.39700,4475727.83000,c061a21,681,176,10314.0000,-99.0000,25371.0000,0.033317,224.9197,-99,-99,9936.0000,4,52,1061022,61,-99,,,,
717829.39700,4475727.83000,c061a22,684,176,9936.0000,-99.0000,25371.0000,0.023537,367.1173,-99,-99,8892.0000,4,53,1061023,61,-99,,,,
717844.39700,4475724.83000,c061a23,689,177,8892.0000,-99.0000,25371.0000,0.023551,328.9382,-99,-99,7965.0000,4,54,1061024,61,-99,,,,
717853.39700,4475715.83000,c061a24,692,180,7965.0000,-99.0000,25371.0000,0.023556,173.6980,-99,-99,7020.0000,4,55,1061025,61,-99,,,,
717865.39700,4475706.83000,c061a25,696,183,7020.0000,-99.0000,25371.0000,0.033303,152.9495,-99,-99,5625.0000,4,56,1061026,61,-99,,,,
717877.39700,4475703.83000,c061a26,700,184,5625.0000,-99.0000,25371.0000,0.033307,109.6457,-99,-99,3933.0000,4,57,1061027,61,-99,,,,
717886.39700,4475700.83000,c061a27,703,185,3933.0000,-99.0000,25371.0000,0.033293,76.5900,-99,-99,0.0000,4,58,1061028,61,-99,,,,
717814.39700,4475916.83000,c062a00,679,113,4329.0000,-99.0000,9801.0000,0.032350,79.5973,-99,-99,0.0000,3,59,1062001,62,-99,,,,
717253.39700,4475721.83000,c073a00,492,178,3780.0000,-99.0000,6714.0000,0.023563,73.7719,-99,-99,0.0000,4,60,1073001,73,-99,,,,
717259.39700,4475718.83000,c073a01,494,179,4302.0000,-99.0000,6714.0000,0.023573,83.9930,-99,-99,3780.0000,4,61,1073002,73,-99,,,,
717265.39700,4475718.83000,c073a02,496,179,4338.0000,-99.0000,6714.0000,0.033293,84.4768,-99,-99,4302.0000,4,62,1073003,73,-99,,,,
717295.39700,4475715.83000,c073a03,506,180,6696.0000,-99.0000,6714.0000,0.023521,130.1461,-99,-99,4338.0000,3,63,1073004,73,-99,,,,
717670.39700,4475610.83000,c101a00,631,215,9747.0000,-99.0000,29817.0000,0.000010,125.9934,-99,-99,0.0000,4,64,1101001,101,-99,,,,
717574.39700,4475571.83000,c101a01,599,228,4149.0000,-99.0000,29817.0000,0.023464,89.7719,-99,-99,0.0000,3,65,1101002,101,-99,,,,
717607.39700,4475541.83000,c101a02,610,238,21114.0000,-99.0000,29817.0000,0.033247,409.9197,-99,-99,13752.0000,3,66,1101003,101,-99,,,,
717661.39700,4475523.83000,c101a03,628,244,4005.0000,-99.0000,29817.0000,0.023464,86.6562,-99,-99,0.0000,4,67,1101004,101,-99,,,,
717763.39700,4475436.83000,c122a00,662,273,2178.0000,-99.0000,3231.0000,0.023363,109.2370,-99,-99,0.0000,3,68,1122001,122,-99,,,,
717862.39700,4475391.83000,c123a00,695,288,2628.0000,-99.0000,14067.0000,0.023570,87.3647,-99,-99,0.0000,3,69,1123001,123,-99,,,,
717811.39700,4475646.83000,c131a00,678,203,13374.0000,-99.0000,29565.0000,0.023521,259.9488,-99,-99,11547.0000,4,70,1131001,131,-99,,,,
717826.39700,4475637.83000,c131a01,683,206,11547.0000,-99.0000,29565.0000,0.033277,224.6556,-99,-99,11466.0000,4,71,1131002,131,-99,,,,
717853.39700,4475637.83000,c131a02,692,206,11466.0000,-99.0000,29565.0000,0.033327,223.6697,-99,-99,11178.0000,4,72,1131003,131,-99,,,,
717859.39700,4475637.83000,c131a03,694,206,11178.0000,-99.0000,29565.0000,0.033337,231.4386,-99,-99,11151.0000,4,73,1131004,131,-99,,,,
717865.39700,4475637.83000,c131a04,696,206,11151.0000,-99.0000,29565.0000,0.033323,243.2356,-99,-99,10854.0000,4,74,1131005,131,-99,,,,
717871.39700,4475637.83000,c131a05,698,206,10854.0000,-99.0000,29565.0000,0.023566,211.8200,-99,-99,10215.0000,4,75,1131006,131,-99,,,,
717781.39700,4475634.83000,c131a06,668,207,13995.0000,-99.0000,29565.0000,0.023556,272.8532,-99,-99,13374.0000,4,76,1131007,131,-99,,,,
717877.39700,4475634.83000,c131a07,700,207,10215.0000,-99.0000,29565.0000,0.033323,199.3447,-99,-99,9180.0000,4,77,1131008,131,-99,,,,
717892.39700,4475631.83000,c131a08,705,208,9180.0000,-99.0000,29565.0000,0.033293,199.9228,-99,-99,7371.0000,4,78,1131009,131,-99,,,,
717910.39700,4475628.83000,c131a09,711,209,7371.0000,-99.0000,29565.0000,0.023544,143.5764,-99,-99,6615.0000,4,79,1131010,131,-99,,,,
717922.39700,4475622.83000,c131a10,715,211,6615.0000,-99.0000,29565.0000,0.023528,143.9011,-99,-99,4878.0000,4,80,1131011,131,-99,,,,
717787.39700,4475604.83000,c131a11,670,217,15048.0000,-99.0000,29565.0000,0.023061,281.2302,-99,-99,13995.0000,3,81,1131012,131,-99,,,,
717940.39700,4475604.83000,c131a12,721,217,4878.0000,-99.0000,29565.0000,0.023530,106.1254,-99,-99,0.0000,4,82,1131013,131,-99,,,,
718036.39700,4475577.83000,c141a00,753,226,4284.0000,-99.0000,29196.0000,0.033303,93.3253,-99,-99,0.0000,4,83,1141001,141,-99,,,,
718036.39700,4475562.83000,c141a01,753,231,4554.0000,-99.0000,29196.0000,0.033317,99.3101,-99,-99,4284.0000,4,84,1141002,141,-99,,,,
718033.39700,4475553.83000,c141a02,752,234,5391.0000,-99.0000,29196.0000,0.023549,105.1055,-99,-99,4554.0000,4,85,1141003,141,-99,,,,
718021.39700,4475541.83000,c141a03,748,238,15201.0000,-99.0000,29196.0000,0.023573,331.7105,-99,-99,11601.0000,4,86,1141004,141,-99,,,,
718027.39700,4475541.83000,c141a04,750,238,6210.0000,-99.0000,29196.0000,0.023556,81.2423,-99,-99,6156.0000,4,87,1141005,141,-99,,,,
718015.39700,4475538.83000,c141a05,746,239,15840.0000,-99.0000,29196.0000,0.023549,436.4389,-99,-99,15201.0000,4,88,1141006,141,-99,,,,
718033.39700,4475535.83000,c141a06,752,240,6156.0000,-99.0000,29196.0000,0.033327,120.1638,-99,-99,6084.0000,4,89,1141007,141,-99,,,,
718009.39700,4475529.83000,c141a07,744,242,16038.0000,-99.0000,29196.0000,0.000010,209.8776,-99,-99,15840.0000,4,90,1141008,141,-99,,,,
718036.39700,4475526.83000,c141a08,753,243,6084.0000,-99.0000,29196.0000,0.023556,118.6663,-99,-99,4842.0000,4,91,1141009,141,-99,,,,
717925.39700,4475517.83000,c141a09,716,246,2241.0000,-99.0000,29196.0000,0.023563,74.4814,-99,-99,0.0000,4,92,1141010,141,-99,,,,
718000.39700,4475517.83000,c141a10,741,246,16335.0000,-99.0000,29196.0000,0.023563,356.3137,-99,-99,16038.0000,4,93,1141011,141,-99,,,,
717985.39700,4475514.83000,c141a11,736,247,18018.0000,-99.0000,29196.0000,0.033317,351.2700,-99,-99,17028.0000,4,94,1141012,141,-99,,,,
717994.39700,4475514.83000,c141a12,739,247,17028.0000,-99.0000,29196.0000,0.023566,469.8788,-99,-99,16335.0000,4,95,1141013,141,-99,,,,
718051.39700,4475508.83000,c141a13,758,249,4842.0000,-99.0000,29196.0000,0.023535,94.2307,-99,-99,4761.0000,4,96,1141014,141,-99,,,,
717970.39700,4475502.83000,c141a14,731,251,18738.0000,-99.0000,29196.0000,0.033323,387.7473,-99,-99,18018.0000,4,97,1141015,141,-99,,,,
717964.39700,4475499.83000,c141a15,729,252,20574.0000,-99.0000,29196.0000,0.023551,567.3881,-99,-99,18738.0000,4,98,1141016,141,-99,,,,
718054.39700,4475499.83000,c141a16,759,252,4761.0000,-99.0000,29196.0000,0.033327,131.3773,-99,-99,4095.0000,4,99,1141017,141,-99,,,,
717949.39700,4475496.83000,c141a17,724,253,23733.0000,-99.0000,29196.0000,0.033303,517.3645,-99,-99,20574.0000,4,100,1141018,141,-99,,,,
718063.39700,4475496.83000,c141a18,762,253,4095.0000,-99.0000,29196.0000,0.033303,79.8201,-99,-99,3969.0000,4,101,1141019,141,-99,,,,
718072.39700,4475496.83000,c141a19,765,253,3969.0000,-99.0000,29196.0000,0.023563,202.0056,-99,-99,3132.0000,4,102,1141020,141,-99,,,,
717925.39700,4475493.83000,c141a20,716,254,2448.0000,-99.0000,29196.0000,0.033323,90.6576,-99,-99,2241.0000,4,103,1141021,141,-99,,,,
717937.39700,4475490.83000,c141a21,720,255,24615.0000,-99.0000,29196.0000,0.023563,536.9245,-99,-99,23733.0000,4,104,1141022,141,-99,,,,
718114.39700,4475490.83000,c141a22,779,255,2556.0000,-99.0000,29196.0000,0.033333,84.6492,-99,-99,0.0000,4,105,1141023,141,-99,,,,
717928.39700,4475487.83000,c141a23,717,256,25533.0000,-99.0000,29196.0000,0.023551,556.6368,-99,-99,24615.0000,4,106,1141024,141,-99,,,,
718105.39700,4475487.83000,c141a24,776,256,3132.0000,-99.0000,29196.0000,0.023556,115.8840,-99,-99,2556.0000,4,107,1141025,141,-99,,,,
717916.39700,4475484.83000,c141a25,713,257,28854.0000,-99.0000,29196.0000,0.033313,629.1627,-99,-99,27981.0000,4,108,1141026,141,-99,,,,
717907.39700,4475478.83000,c141a26,710,259,29187.0000,-99.0000,29196.0000,0.023558,1080.0273,-99,-99,28854.0000,3,109,1141027,141,-99,,,,
717892.39700,4475469.83000,c143a00,705,262,4374.0000,-99.0000,4437.0000,0.023542,85.1779,-99,-99,3807.0000,3,110,1143001,143,-99,,,,
717907.39700,4475460.83000,c143a01,710,265,3807.0000,-99.0000,4437.0000,0.023573,99.7011,-99,-99,3483.0000,4,111,1143002,143,-99,,,,
717919.39700,4475442.83000,c143a02,714,271,3483.0000,-99.0000,4437.0000,0.023573,91.2227,-99,-99,0.0000,4,112,1143003,143,-99,,,,
718015.39700,4475409.83000,c151a00,746,282,648.0000,-99.0000,29124.0000,0.047136,80.3711,-99,-99,0.0000,4,113,1151001,151,-99,,,,
718030.39700,4475400.83000,c151a01,751,285,2007.0000,-99.0000,29124.0000,0.033337,74.3556,-99,-99,648.0000,4,114,1151002,151,-99,,,,
718048.39700,4475400.83000,c151a02,757,285,2484.0000,-99.0000,29124.0000,0.033287,91.7242,-99,-99,2007.0000,3,115,1151003,151,-99,,,,
718186.39700,4475385.83000,c151a03,803,290,2718.0000,-99.0000,29124.0000,0.023535,100.3548,-99,-99,0.0000,4,116,1151004,151,-99,,,,
718063.39700,4475382.83000,c151a04,762,291,6435.0000,-99.0000,29124.0000,0.033247,124.9948,-99,-99,0.0000,3,117,1151005,151,-99,,,,
718090.39700,4475379.83000,c151a05,771,292,13635.0000,-99.0000,29124.0000,0.033193,501.3899,-99,-99,13374.0000,3,118,1151006,151,-99,,,,
718108.39700,4475379.83000,c151a06,777,292,13374.0000,-99.0000,29124.0000,0.023558,699.7218,-99,-99,12384.0000,4,119,1151007,151,-99,,,,
718114.39700,4475376.83000,c151a07,779,293,12384.0000,-99.0000,29124.0000,0.033323,489.3164,-99,-99,12258.0000,4,120,1151008,151,-99,,,,
718126.39700,4475376.83000,c151a08,783,293,12258.0000,-99.0000,29124.0000,0.033317,760.8158,-99,-99,11295.0000,4,121,1151009,151,-99,,,,
718138.39700,4475376.83000,c151a09,787,293,11295.0000,-99.0000,29124.0000,0.000010,196.9365,-99,-99,9909.0000,4,122,1151010,151,-99,,,,
718147.39700,4475376.83000,c151a10,790,293,9909.0000,-99.0000,29124.0000,0.033297,122.0766,-99,-99,9297.0000,4,123,1151011,151,-99,,,,
718153.39700,4475376.83000,c151a11,792,293,9297.0000,-99.0000,29124.0000,0.033323,344.0923,-99,-99,6417.0000,4,124,1151012,151,-99,,,,
718171.39700,4475373.83000,c151a12,798,294,3699.0000,-99.0000,29124.0000,0.023537,72.0187,-99,-99,0.0000,4,125,1151013,151,-99,,,,
718069.39700,4475337.83000,c151a13,764,306,15039.0000,-99.0000,15498.0000,0.023500,412.8316,-99,-99,13653.0000,3,126,1151014,151,-99,,,,
718078.39700,4475322.83000,c151a14,767,311,13653.0000,-99.0000,15498.0000,0.000010,178.5375,-99,-99,12861.0000,4,127,1151015,151,-99,,,,
718090.39700,4475310.83000,c151a15,771,315,12861.0000,-99.0000,15498.0000,0.023558,280.4964,-99,-99,9180.0000,4,128,1151016,151,-99,,,,
718102.39700,4475295.83000,c151a16,775,320,8334.0000,-99.0000,15498.0000,0.023549,162.3789,-99,-99,0.0000,4,129,1151017,151,-99,,,,
718072.39700,4475280.83000,c151a17,765,325,846.0000,-99.0000,15498.0000,0.047136,73.0913,-99,-99,0.0000,4,130,1151018,151,-99,,,,
717883.39700,4475322.83000,c152a00,702,311,2340.0000,-99.0000,3465.0000,0.023558,86.5887,-99,-99,0.0000,3,131,1152001,152,-99,,,,
717979.39700,4475286.83000,c153a00,734,323,2196.0000,-99.0000,2520.0000,0.033337,75.7590,-99,-99,0.0000,3,132,1153001,153,-99,,,,
717958.39700,4475283.83000,c153a01,727,324,2583.0000,-99.0000,2628.0000,0.023573,89.0580,-99,-99,0.0000,3,133,1153002,153,-99,,,,
717886.39700,4475271.83000,c153a02,703,328,5958.0000,-99.0000,7560.0000,0.033273,122.9314,-99,-99,5787.0000,3,134,1153003,153,-99,,,,
717895.39700,4475259.83000,c153a03,706,332,5787.0000,-99.0000,7560.0000,0.023566,112.9610,-99,-99,0.0000,4,135,1153004,153,-99,,,,
717460.39700,4475106.83000,c161a00,561,383,16686.0000,-99.0000,17163.0000,0.023457,360.7390,-99,-99,13032.0000,3,136,1161001,161,-99,,,,
717484.39700,4475082.83000,c161a01,569,391,12636.0000,-99.0000,14949.0000,0.023542,246.1248,-99,-99,12051.0000,3,137,1161002,161,-99,,,,
717427.39700,4475079.83000,c161a02,550,392,13032.0000,-99.0000,17163.0000,0.033247,253.0364,-99,-99,12213.0000,4,138,1161003,161,-99,,,,
717487.39700,4475076.83000,c161a03,570,393,12051.0000,-99.0000,14949.0000,0.023551,157.6100,-99,-99,12015.0000,4,139,1161004,161,-99,,,,
717490.39700,4475070.83000,c161a04,571,395,12015.0000,-99.0000,14949.0000,0.023563,262.0348,-99,-99,11736.0000,4,140,1161005,161,-99,,,,
717424.39700,4475064.83000,c161a05,549,397,12213.0000,-99.0000,17163.0000,0.023528,237.7070,-99,-99,8613.0000,4,141,1161006,161,-99,,,,
717493.39700,4475064.83000,c161a06,572,397,11736.0000,-99.0000,14949.0000,0.033327,229.0498,-99,-99,9126.0000,4,142,1161007,161,-99,,,,
717409.39700,4475037.83000,c161a07,544,406,8613.0000,-99.0000,17163.0000,0.023514,167.3511,-99,-99,0.0000,4,143,1161008,161,-99,,,,
717496.39700,4475037.83000,c161a08,573,406,9126.0000,-99.0000,14949.0000,0.023530,336.8855,-99,-99,8775.0000,4,144,1161009,161,-99,,,,
717505.39700,4475028.83000,c161a09,576,409,8775.0000,-99.0000,14949.0000,0.023528,190.8891,-99,-99,0.0000,4,145,1161010,161,-99,,,,
717427.39700,4475391.83000,c163a00,550,288,4032.0000,-99.0000,18315.0000,0.023566,87.9637,-99,-99,0.0000,3,146,1163001,163,-99,,,,
717214.39700,4475220.83000,c181a00,479,345,1350.0000,-99.0000,6273.0000,0.047145,84.9486,-99,-99,0.0000,4,147,1181001,181,-99,,,,
717253.39700,4475214.83000,c181a01,492,347,2772.0000,-99.0000,6273.0000,0.033247,72.2369,-99,-99,1350.0000,3,148,1181002,181,-99,,,,
717256.39700,4475172.83000,c181a02,493,361,19764.0000,-99.0000,23895.0000,0.023492,383.4407,-99,-99,19017.0000,3,149,1181003,181,-99,,,,
717253.39700,4475157.83000,c181a03,492,366,19017.0000,-99.0000,23895.0000,0.023551,370.6903,-99,-99,17523.0000,4,150,1181004,181,-99,,,,
717259.39700,4475151.83000,c181a04,494,368,17523.0000,-99.0000,23895.0000,0.000010,229.3594,-99,-99,14274.0000,4,151,1181005,181,-99,,,,
717256.39700,4475124.83000,c181a05,493,377,14274.0000,-99.0000,23895.0000,0.023535,527.3458,-99,-99,12258.0000,4,152,1181006,181,-99,,,,
717250.39700,4475106.83000,c181a06,491,383,12258.0000,-99.0000,23895.0000,0.023544,238.7860,-99,-99,10260.0000,4,153,1181007,181,-99,,,,
717166.39700,4475088.83000,c181a07,463,389,3123.0000,-99.0000,23895.0000,0.000010,77.0340,-99,-99,0.0000,4,154,1181008,181,-99,,,,
717190.39700,4475088.83000,c181a08,471,389,4707.0000,-99.0000,23895.0000,0.033337,126.9444,-99,-99,3123.0000,4,155,1181009,181,-99,,,,
717241.39700,4475085.83000,c181a09,488,390,10260.0000,-99.0000,23895.0000,0.000010,178.4302,-99,-99,7029.0000,4,156,1181010,181,-99,,,,
717238.39700,4475073.83000,c181a10,487,394,7029.0000,-99.0000,23895.0000,0.000010,136.5233,-99,-99,6939.0000,4,157,1181011,181,-99,,,,
717232.39700,4475067.83000,c181a11,485,396,6939.0000,-99.0000,23895.0000,0.000010,120.3764,-99,-99,4707.0000,4,158,1181012,181,-99,,,,
717322.39700,4475226.83000,c182a00,515,343,20169.0000,-99.0000,22068.0000,0.023181,998.4226,-99,-99,18405.0000,3,159,1182001,182,-99,,,,
717328.39700,4475199.83000,c182a01,517,352,18405.0000,-99.0000,22068.0000,0.000010,320.4871,-99,-99,16317.0000,4,160,1182002,182,-99,,,,
717334.39700,4475184.83000,c182a02,519,357,16317.0000,-99.0000,22068.0000,0.033317,355.8499,-99,-99,15930.0000,4,161,1182003,182,-99,,,,
717337.39700,4475175.83000,c182a03,520,360,15930.0000,-99.0000,22068.0000,0.033303,329.2776,-99,-99,14562.0000,4,162,1182004,182,-99,,,,
717346.39700,4475169.83000,c182a04,523,362,14562.0000,-99.0000,22068.0000,0.000010,190.6027,-99,-99,13995.0000,4,163,1182005,182,-99,,,,
717349.39700,4475160.83000,c182a05,524,365,13995.0000,-99.0000,22068.0000,0.023549,385.9144,-99,-99,12861.0000,4,164,1182006,182,-99,,,,
717349.39700,4475145.83000,c182a06,524,370,12861.0000,-99.0000,22068.0000,0.023549,280.2113,-99,-99,10152.0000,4,165,1182007,182,-99,,,,
717361.39700,4475142.83000,c182a07,528,371,5958.0000,-99.0000,22068.0000,0.023558,220.4681,-99,-99,0.0000,4,166,1182008,182,-99,,,,
717358.39700,4475139.83000,c182a08,527,372,4194.0000,-99.0000,22068.0000,0.033317,81.7887,-99,-99,4149.0000,4,167,1182009,182,-99,,,,
717358.39700,4475133.83000,c182a09,527,374,4149.0000,-99.0000,22068.0000,0.033323,80.9273,-99,-99,4041.0000,4,168,1182010,182,-99,,,,
717361.39700,4475124.83000,c182a10,528,377,4041.0000,-99.0000,22068.0000,0.023558,78.8109,-99,-99,0.0000,4,169,1182011,182,-99,,,,
717253.39700,4475358.83000,c183a00,492,299,7380.0000,-99.0000,8298.0000,0.000010,95.1690,-99,-99,0.0000,3,170,1183001,183,-99,,,,
717109.39700,4475373.83000,c191a00,444,294,22923.0000,-99.0000,27927.0000,0.023318,293.8358,-99,-99,22752.0000,3,171,1191001,191,-99,,,,
717100.39700,4475367.83000,c191a01,441,296,22752.0000,-99.0000,27927.0000,0.023549,297.5042,-99,-99,21645.0000,4,172,1191002,191,-99,,,,
717097.39700,4475337.83000,c191a02,440,306,21645.0000,-99.0000,27927.0000,0.023563,801.5865,-99,-99,20655.0000,4,173,1191003,191,-99,,,,
717094.39700,4475331.83000,c191a03,439,308,20655.0000,-99.0000,27927.0000,0.033327,403.1206,-99,-99,20574.0000,4,174,1191004,191,-99,,,,
717094.39700,4475322.83000,c191a04,439,311,20574.0000,-99.0000,27927.0000,0.023566,269.2672,-99,-99,20007.0000,4,175,1191005,191,-99,,,,
717091.39700,4475316.83000,c191a05,438,313,20007.0000,-99.0000,27927.0000,0.033323,390.2417,-99,-99,4455.0000,4,176,1191006,191,-99,,,,
717097.39700,4475241.83000,c191a06,440,338,1989.0000,-99.0000,27927.0000,0.033327,73.6667,-99,-99,711.0000,4,177,1191007,191,-99,,,,
717130.39700,4475235.83000,c191a07,451,340,711.0000,-99.0000,27927.0000,0.047136,79.0079,-99,-99,0.0000,4,178,1191008,191,-99,,,,
717082.39700,4475232.83000,c191a08,435,341,2466.0000,-99.0000,27927.0000,0.023573,84.8483,-99,-99,0.0000,4,179,1191009,191,-99,,,,
717100.39700,4475514.83000,c193a00,441,247,9612.0000,-99.0000,16929.0000,0.023558,209.6362,-99,-99,0.0000,4,180,1193001,193,-99,,,,
717112.39700,4475505.83000,c193a01,445,250,10341.0000,-99.0000,16929.0000,0.023535,201.3773,-99,-99,9612.0000,4,181,1193002,193,-99,,,,
717130.39700,4475493.83000,c193a02,451,254,3294.0000,-99.0000,16929.0000,0.023405,120.2980,-99,-99,0.0000,3,182,1193003,193,-99,,,,
717127.39700,4475490.83000,c193a03,450,255,11223.0000,-99.0000,16929.0000,0.023398,215.8566,-99,-99,10341.0000,3,183,1193004,193,-99,,,,
717082.39700,4475406.83000,c193a04,435,283,8748.0000,-99.0000,11304.0000,0.033293,170.3557,-99,-99,5076.0000,3,184,1193005,193,-99,,,,
717070.39700,4475400.83000,c193a05,431,285,5076.0000,-99.0000,11304.0000,0.033307,98.9443,-99,-99,4734.0000,4,185,1193006,193,-99,,,,
717061.39700,4475397.83000,c193a06,428,286,4734.0000,-99.0000,11304.0000,0.023549,92.2894,-99,-99,4689.0000,4,186,1193007,193,-99,,,,
717055.39700,4475394.83000,c193a07,426,287,4689.0000,-99.0000,11304.0000,0.033327,91.5145,-99,-99,4320.0000,4,187,1193008,193,-99,,,,
717043.39700,4475391.83000,c193a08,422,288,4320.0000,-99.0000,11304.0000,0.023566,84.3002,-99,-99,4203.0000,4,188,1193009,193,-99,,,,
717031.39700,4475379.83000,c193a09,418,292,4203.0000,-99.0000,11304.0000,0.023549,91.6356,-99,-99,0.0000,4,189,1193010,193,-99,,,,
717154.39700,4475862.83000,c202a00,459,131,2268.0000,-99.0000,8910.0000,0.033293,83.8153,-99,-99,1836.0000,3,190,1202001,202,-99,,,,
717154.39700,4475850.83000,c202a01,459,135,1836.0000,-99.0000,8910.0000,0.023563,93.4448,-99,-99,1674.0000,4,191,1202002,202,-99,,,,
717151.39700,4475844.83000,c202a02,458,137,1674.0000,-99.0000,8910.0000,0.033337,75.2259,-99,-99,0.0000,4,192,1202003,202,-99,,,,
717091.39700,4475823.83000,c202a03,438,144,25713.0000,-99.0000,27027.0000,0.023535,500.6514,-99,-99,23823.0000,3,193,1202004,202,-99,,,,
717097.39700,4475805.83000,c202a04,440,150,23823.0000,-99.0000,27027.0000,0.033263,518.0527,-99,-99,20466.0000,4,194,1202005,202,-99,,,,
717109.39700,4475775.83000,c202a05,444,160,20466.0000,-99.0000,27027.0000,0.023535,445.2925,-99,-99,19386.0000,4,195,1202006,202,-99,,,,
717118.39700,4475766.83000,c202a06,447,163,19386.0000,-99.0000,27027.0000,0.023558,422.7803,-99,-99,18630.0000,4,196,1202007,202,-99,,,,
717121.39700,4475760.83000,c202a07,448,165,18630.0000,-99.0000,27027.0000,0.023563,363.5626,-99,-99,14859.0000,4,197,1202008,202,-99,,,,
717145.39700,4475748.83000,c202a08,456,169,4563.0000,-99.0000,27027.0000,0.023558,88.9914,-99,-99,0.0000,4,198,1202009,202,-99,,,,
717133.39700,4475745.83000,c202a09,452,170,14859.0000,-99.0000,27027.0000,0.023542,289.4028,-99,-99,14688.0000,4,199,1202010,202,-99,,,,
717142.39700,4475736.83000,c202a10,455,173,10125.0000,-99.0000,27027.0000,0.023558,197.4809,-99,-99,8631.0000,4,200,1202011,202,-99,,,,
717175.39700,4475697.83000,c202a11,466,186,8631.0000,-99.0000,27027.0000,0.033287,168.0436,-99,-99,5004.0000,4,201,1202012,202,-99,,,,
717172.39700,4475676.83000,c202a12,465,193,5004.0000,-99.0000,27027.0000,0.023558,97.5701,-99,-99,4761.0000,4,202,1202013,202,-99,,,,
717166.39700,4475670.83000,c202a13,463,195,4761.0000,-99.0000,27027.0000,0.033337,92.9546,-99,-99,2988.0000,4,203,1202014,202,-99,,,,
717166.39700,4475655.83000,c202a14,463,200,2988.0000,-99.0000,27027.0000,0.023558,110.5671,-99,-99,0.0000,4,204,1202015,202,-99,,,,
717127.39700,4475907.83000,c203a00,450,116,9351.0000,-99.0000,10224.0000,0.000010,121.3506,-99,-99,6219.0000,3,205,1203001,203,-99,,,,
717103.39700,4475889.83000,c203a01,442,122,6219.0000,-99.0000,10224.0000,0.023516,120.8537,-99,-99,4014.0000,4,206,1203002,203,-99,,,,
717049.39700,4475874.83000,c203a02,424,127,4014.0000,-99.0000,10224.0000,0.033243,87.1747,-99,-99,0.0000,4,207,1203003,203,-99,,,,
716794.39700,4475823.83000,c203a03,339,144,4464.0000,-99.0000,22392.0000,0.023558,87.0606,-99,-99,0.0000,4,208,1203004,203,-99,,,,
716875.39700,4475823.83000,c203a04,366,144,13563.0000,-99.0000,22392.0000,0.023530,295.0579,-99,-99,13428.0000,4,209,1203005,203,-99,,,,
716809.39700,4475817.83000,c203a05,344,146,7011.0000,-99.0000,22392.0000,0.023558,136.7343,-99,-99,4464.0000,4,210,1203006,203,-99,,,,
716896.39700,4475817.83000,c203a06,373,146,16182.0000,-99.0000,22392.0000,0.023549,315.4052,-99,-99,13563.0000,4,211,1203007,203,-99,,,,
716821.39700,4475814.83000,c203a07,348,147,9189.0000,-99.0000,22392.0000,0.033293,200.1188,-99,-99,7011.0000,4,212,1203008,203,-99,,,,
716869.39700,4475814.83000,c203a08,364,147,13428.0000,-99.0000,22392.0000,0.023549,496.3888,-99,-99,12969.0000,4,213,1203009,203,-99,,,,
716908.39700,4475814.83000,c203a09,377,147,17514.0000,-99.0000,22392.0000,0.033313,341.5895,-99,-99,16182.0000,4,214,1203010,203,-99,,,,
716857.39700,4475808.83000,c203a10,360,149,12969.0000,-99.0000,22392.0000,0.033307,252.7992,-99,-99,9189.0000,4,215,1203011,203,-99,,,,
716914.39700,4475808.83000,c203a11,379,149,17973.0000,-99.0000,22392.0000,0.023544,495.1102,-99,-99,17514.0000,4,216,1203012,203,-99,,,,
716929.39700,4475808.83000,c203a12,384,149,18234.0000,-99.0000,22392.0000,0.033293,397.1015,-99,-99,17973.0000,4,217,1203013,203,-99,,,,
716983.39700,4475805.83000,c203a13,402,150,20034.0000,-99.0000,22392.0000,0.033327,390.9713,-99,-99,19440.0000,4,218,1203014,203,-99,,,,
716989.39700,4475805.83000,c203a14,404,150,20070.0000,-99.0000,22392.0000,0.033323,391.6935,-99,-99,20034.0000,4,219,1203015,203,-99,,,,
716947.39700,4475802.83000,c203a15,390,151,18576.0000,-99.0000,22392.0000,0.023566,688.0000,-99,-99,18234.0000,4,220,1203016,203,-99,,,,
716959.39700,4475802.83000,c203a16,394,151,19224.0000,-99.0000,22392.0000,0.033303,530.1049,-99,-99,18576.0000,4,221,1203017,203,-99,,,,
716971.39700,4475802.83000,c203a17,398,151,19440.0000,-99.0000,22392.0000,0.033317,423.9579,-99,-99,19224.0000,4,222,1203018,203,-99,,,,
717004.39700,4475802.83000,c203a18,409,151,20160.0000,-99.0000,22392.0000,0.023528,392.1299,-99,-99,20070.0000,4,223,1203019,203,-99,,,,
717025.39700,4475802.83000,c203a19,416,151,22239.0000,-99.0000,22392.0000,0.033277,483.7719,-99,-99,20160.0000,3,224,1203020,203,-99,,,,
716992.39700,4475760.83000,c203a20,405,165,10422.0000,-99.0000,12825.0000,0.023521,202.5660,-99,-99,9864.0000,3,225,1203021,203,-99,,,,
716956.39700,4475748.83000,c203a21,393,169,8739.0000,-99.0000,12825.0000,0.023566,170.5450,-99,-99,8631.0000,4,226,1203022,203,-99,,,,
716971.39700,4475748.83000,c203a22,398,169,9567.0000,-99.0000,12825.0000,0.033337,186.7878,-99,-99,8739.0000,4,227,1203023,203,-99,,,,
716983.39700,4475748.83000,c203a23,402,169,9864.0000,-99.0000,12825.0000,0.033303,192.2988,-99,-99,9567.0000,4,228,1203024,203,-99,,,,
716947.39700,4475745.83000,c203a24,390,170,8631.0000,-99.0000,12825.0000,0.033327,168.4373,-99,-99,6606.0000,4,229,1203025,203,-99,,,,
716938.39700,4475742.83000,c203a25,387,171,6606.0000,-99.0000,12825.0000,0.033317,144.0672,-99,-99,0.0000,4,230,1203026,203,-99,,,,
716962.39700,4475520.83000,c211a00,395,245,21546.0000,-99.0000,27720.0000,0.033090,414.4971,-99,-99,21321.0000,3,231,1211001,211,-99,,,,
716962.39700,4475514.83000,c211a01,395,247,21321.0000,-99.0000,27720.0000,0.033337,416.2749,-99,-99,19683.0000,4,232,1211002,211,-99,,,,
716974.39700,4475493.83000,c211a02,399,254,19683.0000,-99.0000,27720.0000,0.023535,428.2563,-99,-99,17874.0000,4,233,1211003,211,-99,,,,
716977.39700,4475475.83000,c211a03,400,260,17874.0000,-99.0000,27720.0000,0.023544,492.3830,-99,-99,12366.0000,4,234,1211004,211,-99,,,,
716962.39700,4475436.83000,c211a04,395,273,1116.0000,-99.0000,27720.0000,0.047136,82.6667,-99,-99,0.0000,4,235,1211005,211,-99,,,,
716977.39700,4475430.83000,c211a05,400,275,11250.0000,-99.0000,27720.0000,0.033253,218.6155,-99,-99,7011.0000,4,236,1211006,211,-99,,,,
716929.39700,4475418.83000,c211a06,384,279,1773.0000,-99.0000,27720.0000,0.047143,197.0000,-99,-99,0.0000,4,237,1211007,211,-99,,,,
716974.39700,4475388.83000,c211a07,399,289,5238.0000,-99.0000,27720.0000,0.023535,102.0274,-99,-99,4977.0000,4,238,1211008,211,-99,,,,
716962.39700,4475379.83000,c211a08,395,292,4977.0000,-99.0000,27720.0000,0.023573,97.1718,-99,-99,3438.0000,4,239,1211009,211,-99,,,,
716950.39700,4475370.83000,c211a09,391,295,3438.0000,-99.0000,27720.0000,0.023549,94.7271,-99,-99,1224.0000,4,240,1211010,211,-99,,,,
716929.39700,4475364.83000,c211a10,384,297,1224.0000,-99.0000,27720.0000,0.033323,91.8812,-99,-99,0.0000,4,241,1211011,211,-99,,,,
717013.39700,4475664.83000,c212a00,412,197,4995.0000,-99.0000,4995.0000,0.023485,108.2501,-99,-99,4266.0000,3,242,1212001,212,-99,,,,
717034.39700,4475661.83000,c212a01,419,198,3222.0000,-99.0000,4716.0000,0.023537,119.0471,-99,-99,0.0000,3,243,1212002,212,-99,,,,
717028.39700,4475649.83000,c212a02,417,202,4266.0000,-99.0000,4995.0000,0.023544,92.9258,-99,-99,0.0000,4,244,1212003,212,-99,,,,
716743.39700,4475580.83000,c222a00,322,225,3330.0000,-99.0000,3330.0000,0.033337,110.1463,-99,-99,0.0000,3,245,1222001,222,-99,,,,
716707.39700,4475565.83000,c222a01,310,230,2115.0000,-99.0000,2115.0000,0.033323,76.0531,-99,-99,0.0000,3,246,1222002,222,-99,,,,
716785.39700,4475694.83000,c223a00,336,187,4167.0000,-99.0000,9351.0000,0.023544,81.1549,-99,-99,0.0000,4,247,1223001,223,-99,,,,
716788.39700,4475682.83000,c223a01,337,191,4581.0000,-99.0000,9351.0000,0.023558,99.9169,-99,-99,4167.0000,4,248,1223002,223,-99,,,,
716794.39700,4475676.83000,c223a02,339,193,4833.0000,-99.0000,9351.0000,0.023556,105.3838,-99,-99,4581.0000,4,249,1223003,223,-99,,,,
716803.39700,4475670.83000,c223a03,342,195,5049.0000,-99.0000,9351.0000,0.023551,98.4106,-99,-99,4833.0000,4,250,1223004,223,-99,,,,
716815.39700,4475661.83000,c223a04,346,198,7173.0000,-99.0000,9351.0000,0.023563,139.9909,-99,-99,5049.0000,4,251,1223005,223,-99,,,,
716923.39700,4475661.83000,c223a05,382,198,4050.0000,-99.0000,4212.0000,0.023558,78.9899,-99,-99,0.0000,4,252,1223006,223,-99,,,,
716821.39700,4475655.83000,c223a06,348,200,7398.0000,-99.0000,9351.0000,0.023573,144.4398,-99,-99,7173.0000,4,253,1223007,223,-99,,,,
716926.39700,4475655.83000,c223a07,383,200,4212.0000,-99.0000,4212.0000,0.023535,81.9702,-99,-99,4050.0000,3,254,1223008,223,-99,,,,
716821.39700,4475649.83000,c223a08,348,202,7929.0000,-99.0000,9351.0000,0.033327,172.9822,-99,-99,7398.0000,4,255,1223009,223,-99,,,,
716827.39700,4475643.83000,c223a09,350,204,8334.0000,-99.0000,9351.0000,0.023563,181.7996,-99,-99,7929.0000,4,256,1223010,223,-99,,,,
716833.39700,4475637.83000,c223a10,352,206,8685.0000,-99.0000,9351.0000,0.023566,169.4784,-99,-99,8334.0000,4,257,1223011,223,-99,,,,
716839.39700,4475634.83000,c223a11,354,207,8919.0000,-99.0000,9351.0000,0.023563,174.0665,-99,-99,8685.0000,4,258,1223012,223,-99,,,,
716842.39700,4475628.83000,c223a12,355,209,9180.0000,-99.0000,9351.0000,0.023573,240.4380,-99,-99,8919.0000,4,259,1223013,223,-99,,,,
716851.39700,4475625.83000,c223a13,358,210,9342.0000,-99.0000,9351.0000,0.033307,193.0567,-99,-99,9180.0000,3,260,1223014,223,-99,,,,
716725.39700,4475595.83000,c223a14,316,220,3717.0000,-99.0000,4671.0000,0.023566,72.5278,-99,-99,0.0000,4,261,1223015,223,-99,,,,
716725.39700,4475583.83000,c223a15,316,224,4653.0000,-99.0000,4671.0000,0.033193,90.0503,-99,-99,3717.0000,3,262,1223016,223,-99,,,,
716794.39700,4475370.83000,c241a00,339,295,5103.0000,-99.0000,22626.0000,0.032887,96.9930,-99,-99,5022.0000,3,263,1241001,241,-99,,,,
716803.39700,4475370.83000,c241a01,342,295,5022.0000,-99.0000,22626.0000,0.023563,97.9818,-99,-99,2727.0000,4,264,1241002,241,-99,,,,
716818.39700,4475361.83000,c241a02,347,298,2727.0000,-99.0000,22626.0000,0.023573,90.6630,-99,-99,0.0000,4,265,1241003,241,-99,,,,
716758.39700,4475310.83000,c241a03,327,315,1683.0000,-99.0000,13338.0000,0.066670,111.4744,-99,-99,0.0000,3,266,1241004,241,-99,,,,
716764.39700,4475310.83000,c241a04,329,315,2250.0000,-99.0000,13338.0000,0.047143,131.7039,-99,-99,0.0000,3,267,1241005,241,-99,,,,
716656.39700,4475340.83000,c243a00,293,305,4311.0000,-99.0000,9657.0000,0.023566,159.6667,-99,-99,2772.0000,3,268,1243001,243,-99,,,,
716653.39700,4475325.83000,c243a01,292,310,2772.0000,-99.0000,9657.0000,0.033323,91.8039,-99,-99,0.0000,4,269,1243002,243,-99,,,,
715948.39700,4475691.83000,c261a00,57,188,2268.0000,-99.0000,24003.0000,0.023566,83.9496,-99,-99,0.0000,4,270,1261001,261,-99,,,,
715948.39700,4475682.83000,c261a01,57,191,3222.0000,-99.0000,24003.0000,0.033323,119.2498,-99,-99,2268.0000,4,271,1261002,261,-99,,,,
716008.39700,4475682.83000,c261a02,77,191,2106.0000,-99.0000,24003.0000,0.023573,72.6555,-99,-99,0.0000,4,272,1261003,261,-99,,,,
715951.39700,4475658.83000,c261a03,58,199,3852.0000,-99.0000,24003.0000,0.023566,75.1418,-99,-99,3222.0000,4,273,1261004,261,-99,,,,
715951.39700,4475649.83000,c261a04,58,202,4068.0000,-99.0000,24003.0000,0.033160,87.8556,-99,-99,3852.0000,4,274,1261005,261,-99,,,,
716023.39700,4475649.83000,c261a05,82,202,22185.0000,-99.0000,24003.0000,0.033297,483.2531,-99,-99,13896.0000,4,275,1261006,261,-99,,,,
715951.39700,4475643.83000,c261a06,58,204,7722.0000,-99.0000,24003.0000,0.023448,166.8768,-99,-99,7524.0000,4,276,1261007,261,-99,,,,
715945.39700,4475637.83000,c261a07,56,206,7524.0000,-99.0000,24003.0000,0.033327,164.1465,-99,-99,7425.0000,4,277,1261008,261,-99,,,,
716035.39700,4475634.83000,c261a08,86,207,23832.0000,-99.0000,24003.0000,0.023542,519.0776,-99,-99,22185.0000,4,278,1261009,261,-99,,,,
715930.39700,4475631.83000,c261a09,51,208,3465.0000,-99.0000,24003.0000,0.000010,85.3760,-99,-99,0.0000,4,279,1261010,261,-99,,,,
715945.39700,4475631.83000,c261a10,56,208,7425.0000,-99.0000,24003.0000,0.023573,144.9670,-99,-99,3465.0000,4,280,1261011,261,-99,,,,
716047.39700,4475619.83000,c261a11,90,212,24003.0000,-99.0000,24003.0000,0.023544,313.6624,-99,-99,23832.0000,3,281,1261012,261,-99,,,,
716044.39700,4475616.83000,c261a12,89,213,6660.0000,-99.0000,6669.0000,0.023544,246.1489,-99,-99,4923.0000,3,282,1261013,261,-99,,,,
716035.39700,4475610.83000,c261a13,86,215,4923.0000,-99.0000,6669.0000,0.023549,95.9740,-99,-99,4581.0000,4,283,1261014,261,-99,,,,
716020.39700,4475598.83000,c261a14,81,219,4581.0000,-99.0000,6669.0000,0.023566,89.3933,-99,-99,4464.0000,4,284,1261015,261,-99,,,,
716014.39700,4475592.83000,c261a15,79,221,4464.0000,-99.0000,6669.0000,0.023573,87.1559,-99,-99,0.0000,4,285,1261016,261,-99,,,,
716278.39700,4475472.83000,c262a00,167,261,15372.0000,-99.0000,15732.0000,0.033303,299.6324,-99,-99,14967.0000,3,286,1262001,262,-99,,,,
716278.39700,4475448.83000,c262a01,167,269,14967.0000,-99.0000,15732.0000,0.023556,665.7981,-99,-99,14400.0000,4,287,1262002,262,-99,,,,
716275.39700,4475442.83000,c262a02,166,271,14400.0000,-99.0000,15732.0000,0.033327,314.1183,-99,-99,13734.0000,4,288,1262003,262,-99,,,,
716275.39700,4475430.83000,c262a03,166,275,13734.0000,-99.0000,15732.0000,0.033317,267.8316,-99,-99,13320.0000,4,289,1262004,262,-99,,,,
716515.39700,4475430.83000,c262a04,246,275,12285.0000,-99.0000,17667.0000,0.000010,159.2761,-99,-99,0.0000,3,290,1262005,262,-99,,,,
716275.39700,4475415.83000,c262a05,166,280,13320.0000,-99.0000,15732.0000,0.033293,366.8952,-99,-99,5121.0000,4,291,1262006,262,-99,,,,
716290.39700,4475367.83000,c262a06,171,296,5121.0000,-99.0000,15732.0000,0.023566,99.9383,-99,-99,5022.0000,4,292,1262007,262,-99,,,,
716296.39700,4475364.83000,c262a07,173,297,5022.0000,-99.0000,15732.0000,0.023573,98.0504,-99,-99,4869.0000,4,293,1262008,262,-99,,,,
716302.39700,4475361.83000,c262a08,175,298,4869.0000,-99.0000,15732.0000,0.023563,94.9711,-99,-99,4599.0000,4,294,1262009,262,-99,,,,
716311.39700,4475358.83000,c262a09,178,299,4599.0000,-99.0000,15732.0000,0.033317,100.2914,-99,-99,0.0000,4,295,1262010,262,-99,,,,
716272.39700,4475586.83000,c263a00,165,223,5472.0000,-99.0000,15309.0000,0.033323,202.5248,-99,-99,0.0000,4,296,1263001,263,-99,,,,
716311.39700,4475574.83000,c263a01,178,227,6678.0000,-99.0000,15309.0000,0.023535,130.0257,-99,-99,5472.0000,4,297,1263002,263,-99,,,,
716320.39700,4475559.83000,c263a02,181,232,12438.0000,-99.0000,15309.0000,0.033303,459.7918,-99,-99,6678.0000,4,298,1263003,263,-99,,,,
716320.39700,4475547.83000,c263a03,181,236,12996.0000,-99.0000,15309.0000,0.033317,253.4016,-99,-99,12438.0000,4,299,1263004,263,-99,,,,
716320.39700,4475532.83000,c263a04,181,241,13509.0000,-99.0000,15309.0000,0.033287,499.1332,-99,-99,12996.0000,4,300,1263005,263,-99,,,,
716323.39700,4475511.83000,c263a05,182,248,14562.0000,-99.0000,15309.0000,0.033327,284.0640,-99,-99,13509.0000,4,301,1263006,263,-99,,,,
716329.39700,4475502.83000,c263a06,184,251,15165.0000,-99.0000,15309.0000,0.000010,294.7380,-99,-99,14562.0000,3,302,1263007,263,-99,,,,
716290.39700,4475499.83000,c263a07,171,252,4230.0000,-99.0000,4356.0000,0.023535,92.0460,-99,-99,0.0000,3,303,1263008,263,-99,,,,
716419.39700,4475472.83000,c263a08,214,261,4212.0000,-99.0000,4266.0000,0.023386,80.9239,-99,-99,0.0000,3,304,1263009,263,-99,,,,
716440.39700,4475847.83000,c271a00,221,136,2682.0000,-99.0000,24552.0000,0.023563,136.4431,-99,-99,1350.0000,4,305,1271001,271,-99,,,,
716461.39700,4475847.83000,c271a01,228,136,6822.0000,-99.0000,24552.0000,0.023563,148.8165,-99,-99,2682.0000,4,306,1271002,271,-99,,,,
716413.39700,4475841.83000,c271a02,212,138,1350.0000,-99.0000,24552.0000,0.033327,83.8548,-99,-99,0.0000,4,307,1271003,271,-99,,,,
716467.39700,4475841.83000,c271a03,230,138,7110.0000,-99.0000,24552.0000,0.023566,155.0959,-99,-99,6822.0000,4,308,1271004,271,-99,,,,
716470.39700,4475835.83000,c271a04,231,140,7479.0000,-99.0000,24552.0000,0.023556,206.2965,-99,-99,7110.0000,4,309,1271005,271,-99,,,,
716473.39700,4475826.83000,c271a05,232,143,7668.0000,-99.0000,24552.0000,0.023530,166.8044,-99,-99,7479.0000,4,310,1271006,271,-99,,,,
716341.39700,4475817.83000,c271a06,188,146,1944.0000,-99.0000,10089.0000,0.023573,76.3655,-99,-99,0.0000,4,311,1271007,271,-99,,,,
716461.39700,4475808.83000,c271a07,228,149,1422.0000,-99.0000,24552.0000,0.066660,88.7136,-99,-99,0.0000,4,312,1271008,271,-99,,,,
716359.39700,4475802.83000,c271a08,194,151,4347.0000,-99.0000,10089.0000,0.033323,202.2659,-99,-99,1944.0000,4,313,1271009,271,-99,,,,
716380.39700,4475799.83000,c271a09,201,152,1998.0000,-99.0000,10089.0000,0.033337,89.8044,-99,-99,0.0000,4,314,1271010,271,-99,,,,
716470.39700,4475793.83000,c271a10,231,154,14202.0000,-99.0000,24552.0000,0.000010,247.6965,-99,-99,9090.0000,4,315,1271011,271,-99,,,,
716380.39700,4475787.83000,c271a11,201,156,2304.0000,-99.0000,10089.0000,0.033333,76.3286,-99,-99,1998.0000,4,316,1271012,271,-99,,,,
716470.39700,4475784.83000,c271a12,231,157,14274.0000,-99.0000,24552.0000,0.033323,278.5557,-99,-99,14202.0000,4,317,1271013,271,-99,,,,
716380.39700,4475781.83000,c271a13,201,158,8703.0000,-99.0000,10089.0000,0.023563,442.7531,-99,-99,6651.0000,4,318,1271014,271,-99,,,,
716467.39700,4475778.83000,c271a14,230,159,14724.0000,-99.0000,24552.0000,0.023544,544.1887,-99,-99,14274.0000,4,319,1271015,271,-99,,,,
716383.39700,4475772.83000,c271a15,202,161,9315.0000,-99.0000,10089.0000,0.023566,181.7722,-99,-99,8703.0000,4,320,1271016,271,-99,,,,
716470.39700,4475766.83000,c271a16,231,163,3033.0000,-99.0000,24552.0000,0.023551,112.1986,-99,-99,0.0000,4,321,1271017,271,-99,,,,
716458.39700,4475763.83000,c271a17,227,164,19926.0000,-99.0000,24552.0000,0.023521,433.2828,-99,-99,17757.0000,4,322,1271018,271,-99,,,,
716392.39700,4475760.83000,c271a18,205,165,9549.0000,-99.0000,10089.0000,0.023563,186.3618,-99,-99,9315.0000,4,323,1271019,271,-99,,,,
716395.39700,4475754.83000,c271a19,206,167,9648.0000,-99.0000,10089.0000,0.023566,126.2326,-99,-99,9549.0000,4,324,1271020,271,-99,,,,
716398.39700,4475748.83000,c271a20,207,169,9666.0000,-99.0000,10089.0000,0.023566,126.4808,-99,-99,9648.0000,4,325,1271021,271,-99,,,,
716404.39700,4475745.83000,c271a21,209,170,9693.0000,-99.0000,10089.0000,0.023563,126.8214,-99,-99,9666.0000,4,326,1271022,271,-99,,,,
716443.39700,4475742.83000,c271a22,222,171,21771.0000,-99.0000,24552.0000,0.023492,422.3467,-99,-99,19926.0000,3,327,1271023,271,-99,,,,
716407.39700,4475739.83000,c271a23,210,172,9711.0000,-99.0000,10089.0000,0.023551,126.9806,-99,-99,9693.0000,4,328,1271024,271,-99,,,,
716416.39700,4475736.83000,c271a24,213,173,9801.0000,-99.0000,10089.0000,0.033283,190.7755,-99,-99,9711.0000,4,329,1271025,271,-99,,,,
716428.39700,4475730.83000,c271a25,217,175,9999.0000,-99.0000,10089.0000,0.033257,194.3396,-99,-99,9801.0000,3,330,1271026,271,-99,,,,
716362.39700,4475715.83000,c272a00,195,180,14661.0000,-99.0000,20898.0000,0.023549,285.7735,-99,-99,13941.0000,4,331,1272001,272,-99,,,,
716347.39700,4475709.83000,c272a01,190,182,13689.0000,-99.0000,20898.0000,0.023563,267.1595,-99,-99,12582.0000,4,332,1272002,272,-99,,,,
716356.39700,4475709.83000,c272a02,193,182,13941.0000,-99.0000,20898.0000,0.033327,304.1423,-99,-99,13689.0000,4,333,1272003,272,-99,,,,
716410.39700,4475709.83000,c272a03,211,182,18144.0000,-99.0000,20898.0000,0.023542,353.4100,-99,-99,14661.0000,4,334,1272004,272,-99,,,,
716335.39700,4475706.83000,c272a04,186,183,12582.0000,-99.0000,20898.0000,0.023549,465.3944,-99,-99,12096.0000,4,335,1272005,272,-99,,,,
716419.39700,4475703.83000,c272a05,214,184,18270.0000,-99.0000,20898.0000,0.023544,355.9265,-99,-99,18144.0000,4,336,1272006,272,-99,,,,
716281.39700,4475700.83000,c272a06,168,185,5940.0000,-99.0000,20898.0000,0.023563,129.5686,-99,-99,0.0000,4,337,1272007,272,-99,,,,
716326.39700,4475700.83000,c272a07,183,185,12096.0000,-99.0000,20898.0000,0.023566,263.8594,-99,-99,11718.0000,4,338,1272008,272,-99,,,,
716287.39700,4475694.83000,c272a08,170,187,6714.0000,-99.0000,20898.0000,0.023573,131.0853,-99,-99,5940.0000,4,339,1272009,272,-99,,,,
716317.39700,4475694.83000,c272a09,180,187,11718.0000,-99.0000,20898.0000,0.023556,323.2227,-99,-99,8199.0000,4,340,1272010,272,-99,,,,
716428.39700,4475694.83000,c272a10,217,187,19971.0000,-99.0000,20898.0000,0.023320,426.7720,-99,-99,18270.0000,3,341,1272011,272,-99,,,,
716293.39700,4475691.83000,c272a11,172,188,6939.0000,-99.0000,20898.0000,0.023566,90.7977,-99,-99,6714.0000,4,342,1272012,272,-99,,,,
716299.39700,4475688.83000,c272a12,174,189,7056.0000,-99.0000,20898.0000,0.023563,92.3471,-99,-99,6939.0000,4,343,1272013,272,-99,,,,
716305.39700,4475685.83000,c272a13,176,190,8199.0000,-99.0000,20898.0000,0.023551,303.1203,-99,-99,7056.0000,4,344,1272014,272,-99,,,,
716554.39700,4475637.83000,c273a00,259,206,4059.0000,-99.0000,6777.0000,0.023549,79.1224,-99,-99,0.0000,4,345,1273001,273,-99,,,,
716548.39700,4475628.83000,c273a01,257,209,4644.0000,-99.0000,6777.0000,0.023549,90.5145,-99,-99,4059.0000,4,346,1273002,273,-99,,,,
716548.39700,4475619.83000,c273a02,257,212,4995.0000,-99.0000,6777.0000,0.033307,97.3654,-99,-99,4644.0000,4,347,1273003,273,-99,,,,
716539.39700,4475601.83000,c273a03,254,218,5940.0000,-99.0000,6777.0000,0.023544,115.7113,-99,-99,4995.0000,4,348,1273004,273,-99,,,,
716530.39700,4475589.83000,c273a04,251,222,6552.0000,-99.0000,6777.0000,0.023485,142.0015,-99,-99,5940.0000,3,349,1273005,273,-99,,,,
716638.39700,4475796.83000,c281a00,287,153,20628.0000,-99.0000,25902.0000,0.023566,450.0285,-99,-99,0.0000,4,350,1281001,281,-99,,,,
716644.39700,4475790.83000,c281a01,289,155,20763.0000,-99.0000,25902.0000,0.023549,404.8358,-99,-99,20628.0000,4,351,1281002,281,-99,,,,
716650.39700,4475784.83000,c281a02,291,157,20844.0000,-99.0000,25902.0000,0.023521,271.8540,-99,-99,20763.0000,4,352,1281003,281,-99,,,,
716659.39700,4475778.83000,c281a03,294,159,21537.0000,-99.0000,25902.0000,0.023405,414.5928,-99,-99,20844.0000,3,353,1281004,281,-99,,,,
716704.39700,4475763.83000,c281a04,309,164,3420.0000,-99.0000,6003.0000,0.023426,93.2875,-99,-99,0.0000,3,354,1281005,281,-99,,,,
716614.39700,4475757.83000,c281a05,279,166,3465.0000,-99.0000,4869.0000,0.023521,75.3061,-99,-99,0.0000,3,355,1281006,281,-99,,,,
716623.39700,4475652.83000,c282a00,282,201,4077.0000,-99.0000,4455.0000,0.033273,79.3524,-99,-99,0.0000,3,356,1282001,282,-99,,,,
717295.39700,4475682.83000,r07a0,506,191,574020.0000,9801.0000,-99.0000,0.033273,21200.5103,3,24,0.0000,1,357,207001,-99,7,,,,
717019.39700,4475766.83000,r20a0,414,163,514809.0000,17577.0000,-99.0000,0.023514,18979.3925,2,28,501066.0000,1,358,220001,-99,20,,,,
717004.39700,4475748.83000,r20a1,409,169,501066.0000,3834.0000,-99.0000,0.033287,18513.4868,2,21,426591.0000,2,359,220002,-99,20,,,,
716866.39700,4475634.83000,r22a0,363,207,426591.0000,45936.0000,-99.0000,0.023514,26772.9042,2,72,0.0000,1,360,222001,-99,22,,,,
716542.39700,4475514.83000,r26a0,255,247,156654.0000,125982.0000,-99.0000,0.023530,4309.3496,1,192,155835.0000,1,361,226001,-99,26,,,,
716536.39700,4475502.83000,r26a1,253,251,155835.0000,125163.0000,-99.0000,0.023556,4298.4654,1,188,155034.0000,2,362,226002,-99,26,,,,
716311.39700,4475490.83000,r26a2,178,255,94176.0000,63504.0000,-99.0000,0.033223,3466.7554,1,112,63045.0000,2,363,226003,-99,26,,,,
716524.39700,4475490.83000,r26a3,249,255,155034.0000,124362.0000,-99.0000,0.023558,3381.2673,1,184,94176.0000,2,364,226004,-99,26,,,,
716203.39700,4475454.83000,r26a4,142,267,63045.0000,32373.0000,-99.0000,0.033303,2330.5656,1,75,0.0000,2,365,226005,-99,26,,,,
